Genes,Marker,Assembly,Position,Variants,Genotype
OR4F5,rs548049170,Build 37,69869,A or T,T / T
MTND2P28,rs9283150,Build 37,565508,A or G,A / A
intergenic,rs116587930,Build 37,727841,A or G,G / G
intergenic,rs3131972,Build 37,752721,A or G,A / G
FAM87B,rs12184325,Build 37,754105,C or T,C / C
intergenic,rs12567639,Build 37,756268,A or G,A / A
intergenic,rs114525117,Build 37,759036,A or G,G / G
LINC01128,rs12124819,Build 37,776546,A or G,A / A
LINC01128,rs12127425,Build 37,794332,A or G,G / G
intergenic,rs79373928,Build 37,801536,G or T,T / T
intergenic,rs7538305,Build 37,824398,A or C,A / C
intergenic,rs28444699,Build 37,830181,A or G,A / A
intergenic,rs116452738,Build 37,834830,A or G,G / G
intergenic,rs72631887,Build 37,835092,G or T,T / T
intergenic,rs28678693,Build 37,838665,C or T,T / T
intergenic,rs4970382,Build 37,840753,C or T,C / T
intergenic,rs4475691,Build 37,846808,C or T,C / T
intergenic,rs72631889,Build 37,851390,G or T,G / G
LINC02593,rs7537756,Build 37,854250,A or G,A / G
SAMD11,rs13302982,Build 37,861808,A or G,G / G
SAMD11,rs376747791,Build 37,863130,A or G,A / A
SAMD11,rs2880024,Build 37,866893,C or T,C / T
SAMD11,rs13302914,Build 37,868404,C or T,T / T
SAMD11,rs76723341,Build 37,872952,C or T,C / C
NOC2L,rs2272757,Build 37,881627,A or G,A / G
NOC2L,rs35471880,Build 37,881918,A or G,G / G
NOC2L,rs67274836,Build 37,884767,A or G,G / G
NOC2L,rs3828049,Build 37,889238,A or G,G / G
NOC2L,rs77608078,Build 37,891277,C or T,C / C
KLHL17,rs13303229,Build 37,897564,C or T,C / C
KLHL17,rs3935066,Build 37,900730,A or G,A / A
PLEKHN1,rs6669800,Build 37,903321,A or G,A / A
PLEKHN1,rs35241590,Build 37,904752,C or T,T / T
PLEKHN1,rs28561399,Build 37,910473,A or G,A / G
PERM1,rs3748588,Build 37,911101,C or T,C / T
PERM1,rs186101910,Build 37,914749,C or T,C / C
intergenic,rs41285816,Build 37,917640,A or G,G / G
intergenic,rs2341354,Build 37,918573,A or G,A / G
intergenic,rs6605059,Build 37,919419,C or T,C / C
intergenic,rs4970414,Build 37,919501,G or T,G / T
intergenic,rs116781904,Build 37,919855,A or G,G / G
intergenic,rs61770779,Build 37,919927,A or G,G / G
ISG15,rs202075563,Build 37,949472,A or G,G / G
ISG15,rs148041041,Build 37,949491,A or G,G / G
AGRN,rs2799064,Build 37,957898,G or T,G / T
AGRN,rs28591569,Build 37,959509,G or T,T / T
AGRN,rs3121578,Build 37,974894,C or T,T / T
AGRN,rs199563268,Build 37,978642,A or G,G / G
AGRN,rs138288952,Build 37,978762,A or G,G / G
AGRN,rs144164397,Build 37,978804,C or T,C / C
AGRN,rs79016973,Build 37,978974,A or G,G / G
AGRN,rs143324306,Build 37,979397,A or G,G / G
AGRN,rs113288277,Build 37,979748,A or T,A / A
AGRN,rs146243145,Build 37,980868,A or G,G / G
AGRN,rs200684031,Build 37,981139,A or G,G / G
AGRN,rs202061838,Build 37,981244,A or G,not determined
AGRN,rs776599467,Build 37,981860,C or G,G / G
AGRN,rs149268246,Build 37,982968,C or T,C / C
AGRN,rs149762107,Build 37,983005,A or G,G / G
AGRN,rs148948883,Build 37,983040,A or G,G / G
AGRN,rs142620337,Build 37,983243,C or T,C / C
AGRN,rs111818381,Build 37,984971,A or G,G / G
AGRN,rs2275811,Build 37,985460,C or T,T / T
AGRN,rs143143061,Build 37,985905,C or T,C / C
AGRN,rs145444272,Build 37,986165,A or G,G / G
AGRN,rs145116277,Build 37,986963,C or T,C / C
AGRN,rs113261977,Build 37,987253,C or T,C / C
AGRN,rs74223856,Build 37,988902,A or C,C / C
AGRN,rs2465136,Build 37,990417,C or T,C / C
intergenic,rs7526076,Build 37,998395,A or G,G / G
intergenic,rs113592356,Build 37,1004331,C or T,C / C
C1orf159,rs9442372,Build 37,1018704,A or G,A / A
C1orf159,rs115723010,Build 37,1022223,A or G,G / G
C1orf159,rs114326054,Build 37,1022423,A or G,G / G
C1orf159,rs61766340,Build 37,1023114,A or G,G / G
C1orf159,rs12132100,Build 37,1023788,C or T,T / T
C1orf159,rs116334314,Build 37,1026428,A or G,G / G
C1orf159,rs115662838,Build 37,1026913,C or T,C / C
C1orf159,rs77334480,Build 37,1027888,C or T,C / C
C1orf159,rs12731175,Build 37,1030374,A or G,G / G
C1orf159,rs9651273,Build 37,1031540,A or G,G / G
C1orf159,rs6671356,Build 37,1040026,C or T,C / C
C1orf159,rs147606383,Build 37,1045331,A or G,G / G
C1orf159,rs12080505,Build 37,1045606,A or C,not determined
intergenic,rs61766344,Build 37,1054091,C or T,C / C
intergenic,rs9442373,Build 37,1062638,A or C,C / C
intergenic,rs4072537,Build 37,1065296,C or T,C / T
intergenic,rs11260598,Build 37,1065726,C or T,T / T
intergenic,rs61766346,Build 37,1068883,A or G,A / G
intergenic,rs139475585,Build 37,1070467,A or G,G / G
intergenic,rs141230226,Build 37,1072181,C or T,C / C
LINC01342,rs11260603,Build 37,1079198,C or T,C / T
LINC01342,rs116661896,Build 37,1079261,A or G,G / G
intergenic,rs74045142,Build 37,1092071,A or C,C / C
intergenic,rs77791262,Build 37,1092205,G or T,G / G
intergenic,rs57527288,Build 37,1092563,G or T,G / G
intergenic,rs61768477,Build 37,1095130,C or T,C / T
intergenic,rs9442385,Build 37,1097335,G or T,G / T
intergenic,rs76051810,Build 37,1099840,A or G,A / A
intergenic,rs112695918,Build 37,1104584,C or T,T / T
intergenic,rs77633111,Build 37,4497313,A or G,A / A
intergenic,rs12731060,Build 37,4500436,C or T,T / T
intergenic,rs780588,Build 37,4506325,G or T,G / G
intergenic,rs780593,Build 37,4507743,C or T,T / T
intergenic,rs11584026,Build 37,4514453,A or G,G / G
intergenic,rs12691489,Build 37,4516259,A or G,G / G
intergenic,rs666152,Build 37,4518202,G or T,G / G
intergenic,rs72633529,Build 37,4523324,A or G,G / G
intergenic,rs6426414,Build 37,4527772,A or G,G / G
intergenic,rs12143782,Build 37,4534350,C or T,C / C
intergenic,rs55653177,Build 37,4534969,C or T,C / C
intergenic,rs114240781,Build 37,4542308,C or T,T / T
intergenic,rs6656245,Build 37,4543663,A or G,A / A
intergenic,rs16839098,Build 37,4544815,C or T,T / T
intergenic,rs350182,Build 37,4548292,A or G,G / G
intergenic,rs705689,Build 37,4549307,G or T,G / T
intergenic,rs705690,Build 37,4549380,A or G,A / G
intergenic,rs585641,Build 37,4549481,A or G,G / G
intergenic,rs116532395,Build 37,4552482,A or C,C / C
intergenic,rs75456065,Build 37,4556256,A or G,G / G
intergenic,rs582598,Build 37,4561962,A or C,C / C
intergenic,rs34567044,Build 37,4566418,A or G,A / A
intergenic,rs4654441,Build 37,4566515,A or G,A / A
intergenic,rs150200468,Build 37,4568131,A or G,G / G
intergenic,rs780568,Build 37,4569834,A or G,G / G
intergenic,rs79383560,Build 37,4574090,A or G,A / A
intergenic,rs1710422,Build 37,4574117,C or T,C / T
intergenic,rs6703696,Build 37,4578495,A or G,A / A
intergenic,rs116415025,Build 37,4579234,A or G,G / G
intergenic,rs12035830,Build 37,4579733,A or G,G / G
intergenic,rs55989806,Build 37,4583448,A or C,A / A
intergenic,rs241240,Build 37,4586306,G or T,G / T
intergenic,rs241232,Build 37,4590969,A or G,A / G
intergenic,rs537398,Build 37,4594603,C or T,C / C
intergenic,rs12080165,Build 37,4596700,G or T,G / T
intergenic,rs74773514,Build 37,4602986,A or G,G / G
intergenic,rs7534050,Build 37,4603127,C or T,C / T
intergenic,rs114427637,Build 37,4605457,C or T,T / T
intergenic,rs112721082,Build 37,4606115,G or T,G / G
intergenic,rs75575768,Build 37,4613047,C or T,T / T
intergenic,rs241257,Build 37,4614822,C or T,C / T
intergenic,rs4654556,Build 37,4615331,C or T,T / T
intergenic,rs72852789,Build 37,4615934,G or T,G / G
intergenic,rs12120353,Build 37,4620996,A or C,A / C
intergenic,rs144148788,Build 37,4621193,G or T,T / T
intergenic,rs184359379,Build 37,4623910,A or G,A / A
intergenic,rs241278,Build 37,4629408,C or T,T / T
intergenic,rs80308628,Build 37,4631310,A or G,G / G
intergenic,rs171317,Build 37,4632828,A or C,A / C
intergenic,rs7534062,Build 37,4633238,C or T,C / C
intergenic,rs12075731,Build 37,4633404,A or C,A / A
intergenic,rs6426421,Build 37,4633639,C or T,T / T
intergenic,rs12741243,Build 37,4636675,A or G,A / A
intergenic,rs1157688,Build 37,4636767,C or T,C / C
intergenic,rs1024139,Build 37,4640902,C or T,C / T
intergenic,rs113995267,Build 37,4641668,A or G,A / A
intergenic,rs725563,Build 37,4643472,G or T,G / T
intergenic,rs616180,Build 37,4645704,G or T,G / G
intergenic,rs619364,Build 37,4646379,A or G,A / G
intergenic,rs1849943,Build 37,4649316,A or G,G / G
intergenic,rs164772,Build 37,4652512,C or T,T / T
intergenic,rs6426423,Build 37,4656147,A or C,A / A
intergenic,rs117638862,Build 37,4660434,A or C,A / A
intergenic,rs537761,Build 37,4662408,A or C,C / C
intergenic,rs164783,Build 37,4664614,A or C,A / C
intergenic,rs3896439,Build 37,4668670,A or G,G / G
intergenic,rs10915571,Build 37,4674429,C or T,C / C
intergenic,rs4654569,Build 37,4675555,A or G,not determined
intergenic,rs4654574,Build 37,4679731,C or T,T / T
intergenic,rs77849464,Build 37,4680353,C or T,T / T
intergenic,rs114777976,Build 37,4682438,A or G,G / G
intergenic,rs12029673,Build 37,4684090,A or G,A / G
intergenic,rs1107468,Build 37,4684846,A or G,A / G
intergenic,rs875807,Build 37,4685672,A or G,A / A
intergenic,rs75639810,Build 37,4685906,C or T,C / C
intergenic,rs77064382,Build 37,4690808,C or T,C / C
intergenic,rs7527078,Build 37,4690893,C or T,C / C
intergenic,rs10799249,Build 37,4691860,C or T,C / T
intergenic,rs75035073,Build 37,4696084,A or G,A / A
intergenic,rs79001594,Build 37,4696853,C or T,C / T
intergenic,rs12122754,Build 37,4698559,C or T,C / T
intergenic,rs76059212,Build 37,4698677,A or G,A / G
intergenic,rs10915575,Build 37,4701258,C or T,T / T
intergenic,rs61764994,Build 37,4702296,A or G,A / A
intergenic,rs74727341,Build 37,4704223,A or C,A / C
intergenic,rs12125737,Build 37,4706755,C or T,C / C
AJAP1,rs900501,Build 37,4717340,C or T,T / T
AJAP1,rs2035454,Build 37,4722431,A or G,A / A
AJAP1,rs12408160,Build 37,4723046,C or T,C / C
AJAP1,rs12083131,Build 37,4723818,A or G,G / G
AJAP1,rs78173795,Build 37,4724250,C or T,C / C
AJAP1,rs2035455,Build 37,4724632,C or T,C / C
AJAP1,rs17421247,Build 37,4724957,C or T,C / C
AJAP1,rs11588149,Build 37,4725496,C or T,C / T
AJAP1,rs7517857,Build 37,4725585,A or G,G / G
AJAP1,rs12567266,Build 37,4726454,C or T,C / T
AJAP1,rs376142033,Build 37,4729781,C or T,C / C
AJAP1,rs4281299,Build 37,4730960,C or T,C / T
AJAP1,rs4654585,Build 37,4733239,C or T,T / T
AJAP1,rs78598397,Build 37,4736340,A or G,A / A
intergenic,rs10172629,Build 37,11944,C or T,C / C
intergenic,rs10171150,Build 37,12091,A or G,G / G
intergenic,rs12329066,Build 37,17822,A or G,G / G
intergenic,rs79548716,Build 37,26507,C or T,T / T
intergenic,rs116575313,Build 37,30576,A or C,C / C
intergenic,rs4522651,Build 37,34049,A or G,G / G
intergenic,rs72771001,Build 37,34289,C or T,C / C
intergenic,rs115772190,Build 37,35015,G or T,G / G
FAM110C,rs6731388,Build 37,40569,C or T,T / T
intergenic,rs10188860,Build 37,55237,C or T,T / T
intergenic,rs55950583,Build 37,55984,C or T,C / C
intergenic,rs300791,Build 37,83616,A or G,A / G
intergenic,rs183496739,Build 37,88334,C or T,C / C
intergenic,i715902,Build 37,93393,G or T,not determined
intergenic,rs6755432,Build 37,106692,C or T,T / T
intergenic,rs300797,Build 37,107140,A or G,A / G
intergenic,rs300774,Build 37,112496,A or C,A / C
intergenic,rs876724,Build 37,114974,C or T,C / C
intergenic,rs78089985,Build 37,116743,C or T,C / C
intergenic,rs114986725,Build 37,125750,A or G,A / A
intergenic,rs138749116,Build 37,132182,A or G,G / G
intergenic,rs77818233,Build 37,140659,A or G,A / A
intergenic,rs74858609,Build 37,142218,A or G,G / G
intergenic,rs78205610,Build 37,149607,A or G,A / A
intergenic,rs75312225,Build 37,149811,A or C,C / C
intergenic,rs381726,Build 37,151464,C or T,C / T
intergenic,rs7583166,Build 37,163933,A or G,G / G
intergenic,rs6707786,Build 37,166224,G or T,T / T
intergenic,rs147577478,Build 37,169654,A or C,A / A
intergenic,rs113170946,Build 37,175621,C or T,C / C
intergenic,rs55985660,Build 37,176618,A or C,A / A
intergenic,rs117513780,Build 37,182990,C or T,T / T
intergenic,rs79899178,Build 37,185834,A or G,G / G
intergenic,rs75514283,Build 37,185883,A or G,G / G
intergenic,rs188256378,Build 37,191501,C or T,C / C
intergenic,rs12465066,Build 37,193736,C or T,T / T
intergenic,rs79857729,Build 37,197427,G or T,G / T
intergenic,rs78888946,Build 37,203634,A or G,G / G
intergenic,rs114657679,Build 37,207944,G or T,T / T
intergenic,rs56103742,Build 37,210322,C or T,C / C
intergenic,rs76676933,Build 37,211386,C or T,T / T
intergenic,rs79477906,Build 37,211586,A or C,C / C
intergenic,rs2952790,Build 37,212106,A or G,A / G
intergenic,rs117345427,Build 37,216595,C or T,T / T
SH3YL1,rs3791221,Build 37,226933,A or G,A / A
SH3YL1,rs188380172,Build 37,241049,C or T,C / C
SH3YL1,rs139117388,Build 37,251449,A or G,G / G
ACP1,rs201625066,Build 37,272145,C or T,C / C
ACP1,rs192683684,Build 37,277252,C or T,T / T
ACP1,rs77927634,Build 37,277314,A or G,G / G
ALKAL2,rs7605824,Build 37,280819,A or G,G / G
ALKAL2,rs7568664,Build 37,280939,A or G,A / G
intergenic,rs76855837,Build 37,297385,C or T,T / T
intergenic,rs7565795,Build 37,298269,C or T,T / T
intergenic,rs185352675,Build 37,300927,A or G,G / G
intergenic,rs6721594,Build 37,305203,C or T,T / T
intergenic,rs12469649,Build 37,305505,C or T,C / C
intergenic,rs12475664,Build 37,309097,A or C,A / C
intergenic,rs6754607,Build 37,310687,A or G,G / G
intergenic,rs4643574,Build 37,315215,A or G,G / G
intergenic,rs201608741,Build 37,318841,A or G,A / A
intergenic,rs6719944,Build 37,320574,C or T,C / C
intergenic,rs59365208,Build 37,322579,C or T,C / C
intergenic,rs80055952,Build 37,329542,C or T,T / T
intergenic,rs2941874,Build 37,333665,G or T,T / T
intergenic,rs6754120,Build 37,340363,A or G,A / G
intergenic,rs79831866,Build 37,341974,C or T,C / C
intergenic,rs6740249,Build 37,355800,C or T,C / C
intergenic,rs7577828,Build 37,357659,A or G,G / G
intergenic,rs115961439,Build 37,359900,A or G,A / A
intergenic,rs72774575,Build 37,364482,A or G,G / G
intergenic,rs77662658,Build 37,371636,G or T,T / T
intergenic,rs78299278,Build 37,381870,A or G,G / G
intergenic,rs75366292,Build 37,381998,A or G,A / A
intergenic,rs73907972,Build 37,382563,A or C,C / C
intergenic,rs6730890,Build 37,385658,C or T,C / C
intergenic,rs35367459,Build 37,387968,A or G,G / G
intergenic,rs12475610,Build 37,391781,C or T,C / T
intergenic,rs75664785,Build 37,391833,C or T,T / T
intergenic,rs6710972,Build 37,405155,A or C,A / A
intergenic,rs4630798,Build 37,406981,C or T,T / T
intergenic,rs62106258,Build 37,417167,C or T,T / T
intergenic,rs143017801,Build 37,418095,A or G,G / G
intergenic,rs4577313,Build 37,418433,A or G,G / G
intergenic,rs56283102,Build 37,419457,A or G,A / A
intergenic,rs10460598,Build 37,429880,G or T,T / T
intergenic,rs77165542,Build 37,430975,C or T,C / C
intergenic,rs4854306,Build 37,433274,A or G,A / A
intergenic,rs35706769,Build 37,434105,A or G,A / A
intergenic,rs2685229,Build 37,435315,C or T,C / T
intergenic,rs62104177,Build 37,437019,A or G,A / A
intergenic,rs4854308,Build 37,443399,A or G,A / A
intergenic,rs56858620,Build 37,444394,C or T,T / T
intergenic,rs67804962,Build 37,445972,C or T,C / C
intergenic,rs185185486,Build 37,448678,G or T,G / G
intergenic,rs76111507,Build 37,455477,C or T,C / C
intergenic,rs6729656,Build 37,455683,C or T,C / C
intergenic,rs3961050,Build 37,457320,A or G,G / G
intergenic,rs868559,Build 37,465300,G or T,G / T
intergenic,rs62104180,Build 37,466003,A or G,G / G
RNASEH1-AS1,rs4583476,Build 37,3608756,C or T,C / T
intergenic,rs74621596,Build 37,3609757,A or G,G / G
intergenic,rs79518483,Build 37,3610691,C or T,T / T
intergenic,rs74842436,Build 37,3614964,A or G,G / G
RPS7,rs3087873,Build 37,3623540,A or G,G / G
RPS7,rs116365256,Build 37,3627002,A or G,A / A
intergenic,rs11691831,Build 37,3628679,A or G,G / G
intergenic,rs10203413,Build 37,3629178,A or G,A / G
intergenic,rs115765587,Build 37,3631152,C or T,C / C
intergenic,rs62106050,Build 37,3631764,A or G,G / G
intergenic,rs80184976,Build 37,3632051,C or T,T / T
intergenic,rs34305730,Build 37,3633286,A or G,A / G
intergenic,rs76810554,Build 37,3633528,A or G,A / G
intergenic,rs76700064,Build 37,3635025,A or G,A / A
intergenic,rs34862026,Build 37,3635342,A or G,A / A
intergenic,rs3820897,Build 37,3642361,C or T,C / C
COLEC11,rs114785923,Build 37,3643387,A or G,G / G
COLEC11,rs13017757,Build 37,3645429,C or T,C / T
COLEC11,rs13432324,Build 37,3646139,C or T,C / T
COLEC11,rs13385581,Build 37,3650407,A or G,A / A
COLEC11,rs786205631,Build 37,3651204,C or G,G / G
COLEC11,rs13386282,Build 37,3654684,C or T,C / C
COLEC11,rs55922055,Build 37,3658278,C or T,C / T
COLEC11,rs72769321,Build 37,3659918,A or G,A / A
COLEC11,rs17017752,Build 37,3660869,A or G,A / G
COLEC11,rs148207876,Build 37,3660939,C or T,C / C
COLEC11,rs1367276,Build 37,3662060,C or T,C / T
COLEC11,rs77535812,Build 37,3671733,C or T,C / C
COLEC11,rs7583724,Build 37,3672865,A or G,G / G
COLEC11,rs7599901,Build 37,3674461,A or G,A / G
COLEC11,rs731034,Build 37,3677022,C or T,C / T
COLEC11,rs11689396,Build 37,3680025,G or T,G / T
COLEC11,rs10183413,Build 37,3684342,C or T,C / C
COLEC11,rs11123567,Build 37,3686001,A or G,A / A
COLEC11,rs13399202,Build 37,3688739,A or G,G / G
COLEC11,rs113226829,Build 37,3688910,C or T,C / C
COLEC11,rs115005012,Build 37,3689742,A or G,G / G
COLEC11,rs116732359,Build 37,3690578,A or G,G / G
COLEC11,rs387907076,Build 37,3691502,A or G,G / G
COLEC11,rs7567833,Build 37,3691548,A or G,A / A
intergenic,rs72769353,Build 37,3693775,C or T,C / C
intergenic,rs879072,Build 37,3694215,C or T,T / T
intergenic,rs59842252,Build 37,3695789,C or T,C / C
intergenic,rs17017844,Build 37,3703907,C or T,C / C
ALLC,rs13425985,Build 37,3706812,A or G,G / G
ALLC,rs6754459,Build 37,3707423,C or T,C / C
ALLC,rs114667280,Build 37,3714170,A or G,G / G
ALLC,rs67140957,Build 37,3715327,C or T,C / C
ALLC,rs7576701,Build 37,3718227,C or T,T / T
ALLC,rs79755399,Build 37,3718373,C or T,C / C
ALLC,rs13409104,Build 37,3718692,C or T,C / C
ALLC,rs35362305,Build 37,3724335,C or T,C / C
ALLC,rs78688050,Build 37,3724336,A or G,A / G
ALLC,rs67188939,Build 37,3725374,G or T,T / T
ALLC,rs78236653,Build 37,3725761,A or G,G / G
ALLC,rs13426642,Build 37,3729254,C or T,C / C
ALLC,rs140611172,Build 37,3741702,A or G,A / A
ALLC,rs6730148,Build 37,3748971,C or T,T / T
DCDC2C,rs7575946,Build 37,3754240,A or G,A / A
DCDC2C,rs6731113,Build 37,3759330,C or T,T / T
DCDC2C,rs6542651,Build 37,3759830,C or T,T / T
DCDC2C,rs113903375,Build 37,3759928,A or G,A / A
DCDC2C,rs79388923,Build 37,3764156,A or G,A / A
DCDC2C,rs35114817,Build 37,3765362,C or T,T / T
DCDC2C,rs73910343,Build 37,3765496,C or T,T / T
DCDC2C,rs114374888,Build 37,3771517,C or T,C / C
DCDC2C,rs79388682,Build 37,3774226,A or C,C / C
DCDC2C,rs75257689,Build 37,3775158,C or T,C / C
DCDC2C,rs72771220,Build 37,3778459,C or T,T / T
DCDC2C,rs9308791,Build 37,3779094,A or G,G / G
DCDC2C,rs357956,Build 37,3782675,C or T,C / T
DCDC2C,rs77636362,Build 37,3787796,C or T,T / T
DCDC2C,rs17017966,Build 37,3792530,C or T,T / T
DCDC2C,rs357979,Build 37,3793243,C or T,C / T
DCDC2C,rs17506167,Build 37,3794896,A or G,G / G
DCDC2C,rs199703744,Build 37,3800388,C or G,C / C
DCDC2C,rs76937377,Build 37,3801072,C or T,C / C
DCDC2C,rs357967,Build 37,3801681,A or G,A / G
DCDC2C,rs77675222,Build 37,3805857,A or G,G / G
DCDC2C,rs72771242,Build 37,3808984,C or T,T / T
DCDC2C,rs13010824,Build 37,3812716,C or T,T / T
DCDC2C,rs6761958,Build 37,3813083,C or T,C / T
DCDC2C,rs114369437,Build 37,3816872,A or G,A / A
DCDC2C,rs6720903,Build 37,3817635,A or G,A / A
DCDC2C,rs7559461,Build 37,3818623,A or G,G / G
DCDC2C,rs80219533,Build 37,3820185,C or T,T / T
DCDC2C,rs11687254,Build 37,3830906,C or T,C / C
DCDC2C,rs75395690,Build 37,3832887,A or C,C / C
DCDC2C,rs115799947,Build 37,3833609,G or T,G / G
DCDC2C,rs17018026,Build 37,3836760,A or G,G / G
DCDC2C,rs13396069,Build 37,3838226,C or T,T / T
DCDC2C,rs12466058,Build 37,3841699,C or T,T / T
DCDC2C,rs6719193,Build 37,3856843,A or G,G / G
DCDC2C,rs1813009,Build 37,3859061,A or G,G / G
DCDC2C,rs111336355,Build 37,3878080,C or T,C / C
DCDC2C,rs1011148,Build 37,3881038,A or G,A / G
DCDC2C,rs2034732,Build 37,3882061,A or G,G / G
DCDC2C,rs7562936,Build 37,3885054,C or T,C / C
DCDC2C,rs2034728,Build 37,3889351,A or G,A / G
DCDC2C,rs968797,Build 37,3894213,G or T,G / T
intergenic,rs184197083,Build 37,66206,A or C,A / A
intergenic,rs9683305,Build 37,66866,C or T,C / T
intergenic,rs6801472,Build 37,73912,A or G,A / A
intergenic,rs191659761,Build 37,81200,C or T,not determined
intergenic,rs1516321,Build 37,82010,A or G,A / A
intergenic,rs991639,Build 37,89511,A or C,C / C
intergenic,rs13087632,Build 37,92697,G or T,T / T
intergenic,rs1015456,Build 37,107776,C or T,C / T
intergenic,i716286,Build 37,108658,A or T,A / A
intergenic,rs9841287,Build 37,108993,A or G,A / A
intergenic,rs7624034,Build 37,115040,A or G,A / G
intergenic,rs116867401,Build 37,116492,A or G,G / G
intergenic,rs78886827,Build 37,123666,C or T,C / T
intergenic,rs1400178,Build 37,125862,A or G,A / A
intergenic,rs115940672,Build 37,128474,A or G,G / G
intergenic,rs1568092,Build 37,132054,C or T,C / C
intergenic,rs6443038,Build 37,133412,A or G,A / G
intergenic,rs11711363,Build 37,140727,G or T,G / T
intergenic,rs151212196,Build 37,141149,C or T,C / C
intergenic,rs73013090,Build 37,142715,C or T,C / C
intergenic,rs1016162,Build 37,143982,C or T,C / C
intergenic,rs142903036,Build 37,149134,A or C,C / C
intergenic,rs12485321,Build 37,149986,A or G,A / G
intergenic,rs13083233,Build 37,161782,A or G,A / G
intergenic,rs11917511,Build 37,162246,C or T,C / C
intergenic,rs17033607,Build 37,162346,A or G,G / G
intergenic,rs11710259,Build 37,163913,C or T,C / T
intergenic,rs1516342,Build 37,172906,A or G,G / G
intergenic,rs9878349,Build 37,185281,C or T,T / T
intergenic,rs80316243,Build 37,186443,C or T,T / T
intergenic,rs10510181,Build 37,191047,A or G,G / G
intergenic,rs35377669,Build 37,193174,A or G,A / G
intergenic,rs1516350,Build 37,194614,A or G,G / G
intergenic,rs10510184,Build 37,195315,A or C,A / C
intergenic,rs10510185,Build 37,195923,C or T,C / T
intergenic,rs74280092,Build 37,199915,A or G,A / A
intergenic,rs11715414,Build 37,204602,A or G,A / G
intergenic,rs1033235,Build 37,206117,G or T,G / T
intergenic,rs6442427,Build 37,211745,C or T,T / T
intergenic,rs6775347,Build 37,220214,A or G,A / A
intergenic,rs2055316,Build 37,221081,C or T,C / C
intergenic,rs2063886,Build 37,222904,A or C,A / C
intergenic,rs7633865,Build 37,224579,G or T,G / G
intergenic,rs6805760,Build 37,236101,A or G,A / A
intergenic,rs77922169,Build 37,236609,C or T,not determined
intergenic,rs75583205,Build 37,237164,A or G,G / G
CHL1,rs59918618,Build 37,242940,A or G,G / G
CHL1,rs73814165,Build 37,243065,A or G,G / G
CHL1,rs1553134,Build 37,250542,C or T,T / T
CHL1,rs17263957,Build 37,254202,C or T,C / C
CHL1,rs78599746,Build 37,262532,A or C,A / A
CHL1,rs76034246,Build 37,265005,A or G,A / A
CHL1,rs634896,Build 37,269208,A or G,G / G
CHL1,rs7635377,Build 37,275876,A or G,A / G
CHL1,rs185154083,Build 37,279113,A or G,A / A
CHL1,rs77454957,Build 37,282990,A or G,G / G
CHL1,rs58516654,Build 37,283267,G or T,G / T
CHL1,rs4685489,Build 37,283807,G or T,G / T
CHL1,rs77114283,Build 37,284820,C or T,T / T
CHL1,rs76702559,Build 37,285113,C or T,T / T
CHL1,rs17331520,Build 37,285287,G or T,G / T
CHL1,rs17012663,Build 37,285806,G or T,G / T
CHL1,rs3864046,Build 37,289311,C or T,C / C
CHL1,rs3872656,Build 37,292958,A or C,A / C
CHL1,rs55907400,Build 37,299560,C or T,T / T
CHL1,rs62228339,Build 37,302815,C or T,T / T
CHL1,rs79774183,Build 37,306895,A or C,C / C
CHL1,rs149354869,Build 37,307304,G or T,T / T
CHL1,rs114118557,Build 37,311210,A or C,C / C
CHL1,rs11707796,Build 37,316417,C or T,T / T
CHL1,rs114611342,Build 37,316568,A or G,A / A
CHL1,rs13081885,Build 37,318294,C or T,C / C
CHL1,rs11929364,Build 37,320201,A or C,A / A
CHL1,rs76703198,Build 37,321249,A or G,A / A
CHL1,rs1909382,Build 37,323827,G or T,G / T
CHL1,rs12639339,Build 37,324721,A or G,G / G
CHL1,rs17274959,Build 37,329106,C or T,C / C
CHL1,rs115553541,Build 37,330287,A or G,G / G
CHL1,rs162731,Build 37,333145,C or T,C / T
"CHL1 , RPS8P6",rs12639486,Build 37,350861,A or G,A / A
CHL1,rs2272522,Build 37,361508,C or T,C / C
CHL1,rs162588,Build 37,364098,A or G,G / G
CHL1,rs77851964,Build 37,364915,C or T,T / T
CHL1,rs62227238,Build 37,368139,A or G,G / G
CHL1,rs17585814,Build 37,370823,C or T,T / T
CHL1,rs7630509,Build 37,374168,A or G,A / A
CHL1,rs162586,Build 37,376632,A or G,A / A
CHL1,rs62227255,Build 37,379808,A or G,A / A
CHL1,rs447353,Build 37,381016,C or T,T / T
CHL1,rs1353811,Build 37,381302,A or G,A / A
CHL1,rs200012183,Build 37,382509,C or G,C / C
CHL1,rs13086886,Build 37,383061,A or G,A / A
CHL1,rs62227257,Build 37,383169,A or G,G / G
CHL1,rs10865846,Build 37,384918,A or G,A / G
CHL1,rs114677046,Build 37,386959,C or T,T / T
CHL1,rs9822029,Build 37,387021,C or T,T / T
CHL1,rs9637430,Build 37,387597,C or T,C / C
CHL1,rs147932013,Build 37,397411,C or T,T / T
CHL1,rs7628476,Build 37,398423,A or G,A / A
CHL1,rs200312405,Build 37,403395,G or T,G / G
IL5RA,rs163897,Build 37,3115478,C or T,C / T
IL5RA,rs117968569,Build 37,3115487,A or G,G / G
IL5RA,rs73006959,Build 37,3115856,A or G,G / G
IL5RA,rs2290611,Build 37,3116438,A or G,G / G
IL5RA,rs4322988,Build 37,3120571,G or T,G / G
IL5RA,rs6809323,Build 37,3122749,C or T,C / C
IL5RA,rs163551,Build 37,3126050,C or T,C / T
IL5RA,rs3846133,Build 37,3128195,G or T,T / T
IL5RA,rs10510252,Build 37,3129777,A or G,A / A
IL5RA,rs75699120,Build 37,3131245,G or T,G / G
IL5RA,rs17878699,Build 37,3132754,A or G,G / G
IL5RA,rs2540081,Build 37,3133142,A or G,A / G
IL5RA,rs7640267,Build 37,3133896,G or T,T / T
IL5RA,rs4685600,Build 37,3139057,C or T,C / T
IL5RA,rs17882371,Build 37,3140666,A or G,G / G
IL5RA,rs6442777,Build 37,3141793,C or T,C / T
IL5RA,rs6793085,Build 37,3142423,C or T,C / T
IL5RA,rs144856728,Build 37,3144388,C or T,C / C
IL5RA,rs17886680,Build 37,3144909,A or G,A / G
IL5RA,rs3804793,Build 37,3148245,A or C,A / A
IL5RA,rs334782,Build 37,3148458,C or T,C / T
IL5RA,rs17879756,Build 37,3149382,A or G,A / A
IL5RA,rs3804791,Build 37,3149568,C or T,T / T
IL5RA,rs334785,Build 37,3150022,C or T,T / T
IL5RA,rs11713419,Build 37,3150267,A or G,A / G
intergenic,rs17887110,Build 37,3152841,A or G,A / G
intergenic,rs62228583,Build 37,3157515,A or G,A / A
intergenic,rs9808896,Build 37,3157618,A or G,A / A
intergenic,rs6784393,Build 37,3159162,C or T,C / C
intergenic,rs9854130,Build 37,3161131,G or T,T / T
intergenic,rs168027,Build 37,3164369,A or G,A / G
intergenic,rs1278150,Build 37,3165907,C or T,T / T
intergenic,rs149197506,Build 37,3166062,C or T,C / C
intergenic,rs58522018,Build 37,3167085,C or T,C / T
intergenic,rs62228589,Build 37,3168074,C or T,C / C
TRNT1,rs114040954,Build 37,3172395,C or T,C / C
TRNT1,rs3804783,Build 37,3184442,C or T,C / C
TRNT1,rs147845608,Build 37,3187110,C or T,not determined
TRNT1,rs117261505,Build 37,3187950,A or G,G / G
TRNT1,rs61392123,Build 37,3189432,A or G,G / G
CRBN,rs140587605,Build 37,3191692,A or G,A / A
CRBN,rs200040256,Build 37,3192524,A or C,A / A
CRBN,rs797045036,Build 37,3192707,A or G,A / A
CRBN,rs1669338,Build 37,3199635,A or C,C / C
CRBN,rs17027750,Build 37,3203504,A or G,A / G
CRBN,rs115331896,Build 37,3204942,G or T,T / T
CRBN,rs60103375,Build 37,3205515,A or C,A / A
CRBN,rs13099110,Build 37,3206093,C or T,not determined
CRBN,rs711619,Build 37,3207754,C or T,C / C
CRBN,rs73009133,Build 37,3209692,C or T,T / T
CRBN,rs711616,Build 37,3211515,C or T,C / C
CRBN,rs62230160,Build 37,3218066,A or G,G / G
intergenic,rs75401599,Build 37,3224285,A or G,A / A
intergenic,rs74566129,Build 37,3227154,A or G,G / G
intergenic,rs4685613,Build 37,3233709,A or G,G / G
intergenic,rs967963,Build 37,3236900,C or T,C / C
intergenic,rs7640918,Build 37,3238726,C or T,C / C
intergenic,rs4109078,Build 37,3240356,C or T,T / T
intergenic,rs1614350,Build 37,3242152,A or G,G / G
intergenic,rs6768756,Build 37,3245509,C or T,C / C
intergenic,rs73011171,Build 37,3245658,G or T,G / G
intergenic,rs79515885,Build 37,3246081,C or T,T / T
intergenic,rs4685616,Build 37,3249106,A or G,A / A
intergenic,rs73805678,Build 37,3250564,A or G,G / G
intergenic,rs58809348,Build 37,3253193,A or G,G / G
intergenic,rs117337369,Build 37,3258278,A or G,G / G
intergenic,rs12488686,Build 37,3261014,C or T,C / C
intergenic,rs6784855,Build 37,3261533,A or C,A / A
intergenic,rs13074852,Build 37,3267027,A or C,C / C
intergenic,rs55937339,Build 37,3267757,A or C,A / A
intergenic,rs6766253,Build 37,3269481,C or T,C / T
intergenic,rs3846142,Build 37,3277275,A or C,C / C
intergenic,rs28740860,Build 37,3277529,C or T,C / C
intergenic,rs6762199,Build 37,3278662,G or T,G / T
intergenic,rs10510254,Build 37,3279498,C or T,T / T
intergenic,rs77175586,Build 37,3287594,A or G,G / G
intergenic,rs7622674,Build 37,3298121,C or T,C / C
intergenic,rs76729135,Build 37,3299841,A or G,G / G
intergenic,rs113671811,Build 37,3301702,G or T,G / G
intergenic,rs116395864,Build 37,3302990,C or T,T / T
intergenic,rs3914769,Build 37,3304982,C or T,C / T
intergenic,rs711588,Build 37,3305737,A or G,G / G
intergenic,rs77605398,Build 37,3307747,A or G,G / G
intergenic,rs73113248,Build 37,3307938,A or C,A / A
intergenic,rs1153451,Build 37,3312795,C or T,C / T
intergenic,rs55683708,Build 37,3322044,C or T,T / T
intergenic,rs2322044,Build 37,3330438,C or T,T / T
intergenic,rs1356615,Build 37,3340244,C or T,C / C
intergenic,rs17029898,Build 37,3340600,C or T,T / T
intergenic,rs10510256,Build 37,3343193,C or T,T / T
intergenic,rs17029941,Build 37,3345004,C or T,T / T
intergenic,rs1159832,Build 37,3345098,C or T,T / T
intergenic,rs9866082,Build 37,3349500,A or G,A / A
intergenic,rs6777658,Build 37,3354430,A or C,A / A
intergenic,rs770996,Build 37,3355544,C or T,T / T
intergenic,rs17030006,Build 37,3355740,C or T,T / T
intergenic,rs9874556,Build 37,3356174,A or G,A / A
intergenic,rs1995196,Build 37,3363379,A or G,G / G
intergenic,rs13091894,Build 37,3363942,A or G,G / G
intergenic,rs1518952,Build 37,3363968,A or G,G / G
ZNF595,rs138573810,Build 37,73071,A or C,C / C
ZNF595,rs77300697,Build 37,84414,A or G,A / A
ZNF595,rs7667153,Build 37,85422,A or G,G / G
intergenic,rs11724335,Build 37,90883,C or T,C / C
intergenic,rs76010629,Build 37,91306,A or G,A / A
ZNF718,rs116009033,Build 37,124638,C or T,T / T
ZNF718,rs12504142,Build 37,135694,A or G,A / G
ZNF718,rs116600966,Build 37,142647,A or G,G / G
ZNF718,rs55755526,Build 37,153503,A or G,A / A
ZNF718,rs6817633,Build 37,181832,A or G,A / A
ZNF718,rs74497208,Build 37,185552,A or G,G / G
intergenic,rs78204611,Build 37,199558,C or T,C / C
intergenic,rs117520511,Build 37,205177,A or G,G / G
ZNF876P,rs147011253,Build 37,207121,A or C,C / C
ZNF876P,rs13124826,Build 37,208400,A or G,G / G
ZNF876P,rs145279204,Build 37,209874,A or G,G / G
ZNF876P,rs12503763,Build 37,230237,C or T,T / T
ZNF876P,rs113950039,Build 37,245447,A or G,G / G
intergenic,rs114218307,Build 37,253008,A or G,G / G
ZNF732,rs11731285,Build 37,264941,A or G,A / A
ZNF732,rs201614981,Build 37,265195,A or C,not determined
ZNF732,rs150738695,Build 37,265547,A or G,A / A
ZNF732,rs115069723,Build 37,266171,A or G,G / G
ZNF732,rs13111233,Build 37,283883,A or C,A / C
ZNF732,i716805,Build 37,294337,G or T,G / G
ZNF732,rs115869462,Build 37,296170,C or T,T / T
intergenic,rs115429563,Build 37,300501,A or G,G / G
intergenic,rs56011643,Build 37,311039,A or G,G / G
intergenic,rs59071324,Build 37,319689,A or G,A / A
intergenic,rs73217585,Build 37,322759,A or G,G / G
ZNF141,rs782422805,Build 37,338198,— or GA,— / —
ZNF141,rs782668952,Build 37,338202,— or TC,not determined
ZNF141,rs116803324,Build 37,343192,A or C,C / C
ZNF141,rs56048545,Build 37,352968,G or T,G / G
intergenic,rs370540218,Build 37,372233,A or G,A / A
intergenic,rs114997160,Build 37,375097,C or T,T / T
intergenic,rs4690174,Build 37,387136,A or G,G / G
intergenic,rs143235621,Build 37,388145,A or G,G / G
intergenic,rs78305611,Build 37,391983,G or T,G / G
intergenic,rs116620086,Build 37,393390,C or T,C / C
intergenic,rs114003099,Build 37,402076,G or T,G / G
intergenic,rs7695712,Build 37,415311,A or G,A / A
ABCA11P,rs80008015,Build 37,420222,C or T,T / T
ABCA11P,rs17777103,Build 37,427656,A or G,A / A
ABCA11P,rs191150032,Build 37,432742,A or G,A / A
"ABCA11P , ZNF721",rs80296829,Build 37,436296,C or T,T / T
"ABCA11P , ZNF721",rs115278773,Build 37,437909,C or T,T / T
"ABCA11P , ZNF721",rs11944122,Build 37,442021,C or T,C / C
"ABCA11P , ZNF721",rs74727390,Build 37,445814,G or T,G / G
"ABCA11P , ZNF721",rs140485618,Build 37,456290,G or T,T / T
"ZNF721 , LOC100533735",rs78819436,Build 37,470312,C or T,C / T
ZNF721,rs141985990,Build 37,479600,A or C,not determined
ZNF721,rs71614936,Build 37,479949,C or T,T / T
ZNF721,rs114727399,Build 37,483028,A or G,G / G
PIGG,rs17721347,Build 37,498459,C or T,C / C
PIGG,rs116356229,Build 37,498972,A or G,G / G
PIGG,rs17164861,Build 37,502911,C or T,T / T
PIGG,rs12719770,Build 37,507001,C or T,C / C
PIGG,rs150974506,Build 37,509983,A or G,A / A
PIGG,rs150259543,Build 37,515631,A or G,G / G
PIGG,rs114367004,Build 37,519851,C or T,C / C
PIGG,rs79889694,Build 37,524015,A or G,G / G
PIGG,rs73219262,Build 37,524119,A or G,A / G
PIGG,rs79067264,Build 37,530105,A or G,G / G
PIGG,rs1127410,Build 37,533001,C or T,T / T
intergenic,rs75215224,Build 37,536223,A or G,A / A
intergenic,rs6817963,Build 37,536952,C or T,C / C
intergenic,rs77232854,Build 37,540087,C or T,C / C
intergenic,rs77060885,Build 37,554710,C or T,C / T
intergenic,rs78233832,Build 37,560926,A or G,G / G
intergenic,rs11727563,Build 37,566963,A or G,G / G
intergenic,rs78565669,Build 37,574804,A or G,A / A
intergenic,rs10018393,Build 37,575087,G or T,G / G
intergenic,rs116739534,Build 37,582067,A or G,G / G
intergenic,rs78212191,Build 37,612251,G or T,G / G
intergenic,rs141406900,Build 37,616285,C or T,C / C
intergenic,rs77031975,Build 37,618242,G or T,T / T
PDE6B,rs140441389,Build 37,619440,C or T,C / C
PDE6B,rs191195745,Build 37,619557,C or T,C / C
PDE6B,rs79826315,Build 37,619560,G or T,G / G
PDE6B,rs115501488,Build 37,621368,C or T,C / C
PDE6B,rs115630240,Build 37,623276,A or G,G / G
PDE6B,rs117381967,Build 37,623686,G or T,G / G
PDE6B,rs10029928,Build 37,624897,A or G,G / G
PDE6B,rs115775983,Build 37,628493,A or G,G / G
PDE6B,rs201593198,Build 37,629741,A or G,G / G
PDE6B,rs80291370,Build 37,635873,A or G,A / A
PDE6B,rs115852076,Build 37,641519,A or G,G / G
PDE6B,rs145756948,Build 37,647942,A or G,G / G
PDE6B,rs140224236,Build 37,648652,A or G,G / G
PDE6B,rs201953373,Build 37,649785,A or C,A / A
PDE6B,rs863223339,Build 37,650033,G or T,G / G
PDE6B,rs60635284,Build 37,650774,A or G,G / G
PDE6B,rs189094454,Build 37,651212,C or T,C / C
PDE6B,rs398123298,Build 37,654328,— or C,C / C
PDE6B,rs727504075,Build 37,658734,A or G,G / G
PDE6B,rs142471104,Build 37,658913,A or G,G / G
PDE6B,rs141563823,Build 37,660377,A or G,G / G
PDE6B,i716888,Build 37,663072,A or G,G / G
PDE6B,rs28675771,Build 37,663908,A or G,A / G
intergenic,rs149779560,Build 37,4130633,A or C,C / C
intergenic,rs143871354,Build 37,4151613,A or G,A / A
intergenic,rs145045298,Build 37,4154593,C or T,T / T
intergenic,rs112678952,Build 37,4166425,A or C,not determined
intergenic,rs7679962,Build 37,4167133,C or T,C / C
intergenic,i716831,Build 37,4175717,A or G,A / A
intergenic,rs6834251,Build 37,4189063,G or T,T / T
OTOP1,rs11736799,Build 37,4199261,C or T,C / C
OTOP1,rs2004585,Build 37,4201745,C or T,C / C
OTOP1,rs12507879,Build 37,4202801,A or G,G / G
OTOP1,rs138456476,Build 37,4206286,C or T,T / T
OTOP1,rs1991917,Build 37,4207366,G or T,G / T
OTOP1,rs138287965,Build 37,4218036,A or G,G / G
OTOP1,rs13130968,Build 37,4218502,A or C,A / C
OTOP1,rs73191859,Build 37,4222121,A or G,A / A
OTOP1,rs146803717,Build 37,4223111,C or T,C / C
OTOP1,rs115088265,Build 37,4225249,A or G,not determined
OTOP1,rs2916429,Build 37,4226703,C or T,not determined
TMEM128,rs2920244,Build 37,4238315,G or T,G / T
TMEM128,rs113916803,Build 37,4240855,C or T,T / T
TMEM128,rs13146382,Build 37,4242527,A or G,G / G
TMEM128,rs12512882,Build 37,4245325,A or C,A / C
intergenic,rs2916457,Build 37,4253074,C or T,C / C
intergenic,rs2916456,Build 37,4254798,C or T,C / T
intergenic,rs7689503,Build 37,4255102,A or G,A / A
intergenic,rs79799461,Build 37,4256814,A or G,G / G
intergenic,rs2980091,Build 37,4258887,C or T,C / C
intergenic,rs62286946,Build 37,4262939,C or T,T / T
intergenic,rs77410436,Build 37,4266026,A or G,G / G
intergenic,rs75791083,Build 37,4266952,A or G,A / A
intergenic,rs2980089,Build 37,4267298,A or G,G / G
intergenic,rs16835397,Build 37,4268642,C or T,C / C
LYAR,rs2272741,Build 37,4275280,C or T,C / T
LYAR,rs75010360,Build 37,4276054,A or G,G / G
LYAR,rs3733425,Build 37,4279395,A or G,A / G
LYAR,rs28473270,Build 37,4280297,C or T,C / C
LYAR,rs2916444,Build 37,4280418,A or G,A / G
LYAR,rs73194089,Build 37,4285759,C or T,T / T
ZBTB49,rs17700985,Build 37,4294467,A or G,G / G
ZBTB49,rs116205855,Build 37,4296065,A or C,A / A
ZBTB49,rs79931261,Build 37,4297375,C or T,C / C
ZBTB49,rs2980164,Build 37,4297389,A or G,A / G
ZBTB49,rs2980170,Build 37,4301504,G or T,G / T
ZBTB49,rs112068977,Build 37,4302735,C or T,T / T
ZBTB49,rs4689254,Build 37,4304605,A or G,G / G
ZBTB49,rs114306264,Build 37,4304749,A or G,G / G
ZBTB49,rs116265267,Build 37,4307478,C or T,C / C
ZBTB49,rs894487,Build 37,4308180,C or T,C / C
ZBTB49,rs768133,Build 37,4308981,A or G,A / A
ZBTB49,rs4689269,Build 37,4310433,G or T,G / G
ZBTB49,rs78771917,Build 37,4314560,A or G,A / A
ZBTB49,rs16835572,Build 37,4315947,C or T,C / C
ZBTB49,rs2980181,Build 37,4316736,C or T,C / T
ZBTB49,rs6839561,Build 37,4320468,G or T,T / T
ZBTB49,rs75060923,Build 37,4322570,A or G,G / G
intergenic,rs116787332,Build 37,4323980,A or G,G / G
intergenic,rs115788152,Build 37,4327618,A or G,A / A
intergenic,rs2980198,Build 37,4330166,G or T,G / T
intergenic,rs78238159,Build 37,4331552,C or T,C / C
intergenic,rs1031095,Build 37,4333418,A or G,A / G
intergenic,rs4234712,Build 37,4334223,C or T,C / T
intergenic,rs2980207,Build 37,4336008,C or T,C / T
intergenic,rs4688954,Build 37,4336102,A or G,A / G
intergenic,rs11945900,Build 37,4342565,A or C,A / A
intergenic,rs4689307,Build 37,4343261,A or G,A / A
intergenic,rs10027109,Build 37,4346237,A or G,A / G
intergenic,rs3981,Build 37,4346427,A or G,G / G
intergenic,rs6843595,Build 37,4351730,A or G,A / G
intergenic,rs7692317,Build 37,4354673,C or T,T / T
intergenic,rs13146316,Build 37,4355774,A or G,A / G
intergenic,rs7674400,Build 37,4360381,A or G,A / A
intergenic,rs4689340,Build 37,4365066,C or T,T / T
intergenic,rs6813208,Build 37,4366670,A or G,A / G
intergenic,rs28394458,Build 37,4370510,C or T,T / T
intergenic,rs7664767,Build 37,4371097,A or G,A / A
intergenic,rs79978104,Build 37,4371791,A or G,A / A
intergenic,rs12512085,Build 37,4372439,A or G,A / A
intergenic,rs72613180,Build 37,4373494,A or G,A / A
intergenic,rs6811129,Build 37,4376588,A or C,A / A
intergenic,rs6816148,Build 37,4376744,C or T,C / T
intergenic,rs78723763,Build 37,4377677,C or T,C / C
intergenic,rs67364449,Build 37,4379663,C or T,C / C
intergenic,rs6825630,Build 37,4381429,G or T,G / T
intergenic,rs7655731,Build 37,4381538,C or T,C / T
NSG1,rs4689416,Build 37,4392357,C or T,C / T
NSG1,rs190445524,Build 37,4410727,C or T,C / C
NSG1,rs117753810,Build 37,4412562,C or T,C / C
NSG1,rs78290573,Build 37,4412593,G or T,not determined
NSG1,rs7673866,Build 37,4420337,A or G,A / A
STX18,rs77506357,Build 37,4422963,A or G,A / A
STX18,rs34465931,Build 37,4423597,A or G,G / G
STX18,rs62289797,Build 37,4425329,C or T,C / C
STX18,rs7677369,Build 37,4425754,A or G,A / A
STX18,rs3935096,Build 37,4427343,C or T,C / C
STX18,rs28485053,Build 37,4430643,C or T,C / C
STX18,rs77483696,Build 37,4436039,A or G,A / A
STX18,rs59100746,Build 37,4436821,C or T,C / C
STX18,rs61740788,Build 37,4440183,G or T,T / T
STX18,rs6446647,Build 37,4445315,A or G,G / G
STX18,rs75584521,Build 37,4452452,C or T,C / C
intergenic,i700003,Build 37,10735,A or C,not determined
intergenic,i700001,Build 37,10740,A or G,A / A
intergenic,rs77276016,Build 37,14782,A or G,A / A
intergenic,rs74573945,Build 37,31679,A or G,G / G
intergenic,rs115737599,Build 37,32203,G or T,G / G
intergenic,rs10076494,Build 37,38139,C or T,C / C
intergenic,rs75253231,Build 37,41340,C or T,T / T
intergenic,rs373092446,Build 37,42193,A or C,A / A
intergenic,rs144730073,Build 37,44448,C or T,not determined
intergenic,rs11955382,Build 37,51045,C or T,T / T
intergenic,rs138150931,Build 37,57516,G or T,T / T
intergenic,rs28594664,Build 37,75167,A or G,G / G
intergenic,rs58220454,Build 37,78650,A or G,G / G
intergenic,rs4957025,Build 37,78954,A or C,A / C
intergenic,rs6869386,Build 37,81437,C or T,T / T
intergenic,rs112269174,Build 37,85581,A or G,G / G
intergenic,rs76662915,Build 37,93817,G or T,G / G
intergenic,rs79825885,Build 37,97650,C or T,C / C
intergenic,rs150268900,Build 37,98035,G or T,T / T
intergenic,rs58571290,Build 37,100469,A or G,G / G
intergenic,rs35984149,Build 37,105262,C or T,C / T
intergenic,rs78277938,Build 37,107472,A or G,A / A
intergenic,rs373171965,Build 37,109113,A or G,G / G
intergenic,rs10073501,Build 37,113577,C or T,T / T
intergenic,rs10042022,Build 37,114071,A or C,C / C
intergenic,rs148138030,Build 37,120981,C or T,T / T
intergenic,rs79701423,Build 37,124880,C or T,C / C
intergenic,rs62344115,Build 37,129979,A or G,A / A
intergenic,rs6880143,Build 37,137516,A or G,G / G
intergenic,rs80314761,Build 37,139833,C or T,C / C
PLEKHG4B,rs114197024,Build 37,140474,A or G,G / G
PLEKHG4B,rs11949577,Build 37,143197,A or G,G / G
PLEKHG4B,rs182225202,Build 37,153267,A or G,A / A
PLEKHG4B,rs114353995,Build 37,159455,C or T,C / C
PLEKHG4B,rs62344139,Build 37,162386,A or C,A / C
PLEKHG4B,rs112355596,Build 37,164567,A or G,not determined
PLEKHG4B,rs73016639,Build 37,172465,C or T,C / C
PLEKHG4B,rs6898413,Build 37,173927,A or C,A / A
PLEKHG4B,rs4956987,Build 37,174106,A or G,A / G
PLEKHG4B,rs114602062,Build 37,179295,A or G,G / G
PLEKHG4B,rs117470105,Build 37,182587,A or C,C / C
PLEKHG4B,rs4956991,Build 37,183516,A or G,A / G
PLEKHG4B,rs79713827,Build 37,185418,C or T,C / C
PLEKHG4B,rs3810865,Build 37,189799,C or T,T / T
LRRC14B,rs118046653,Build 37,195139,C or T,C / C
intergenic,rs114362255,Build 37,195622,C or T,C / T
intergenic,rs1052698,Build 37,196040,C or T,T / T
intergenic,rs139670893,Build 37,197129,A or G,A / A
intergenic,rs6886904,Build 37,202023,A or C,A / C
intergenic,rs116200689,Build 37,203666,A or C,C / C
intergenic,rs115815168,Build 37,203898,C or T,T / T
CCDC127,rs192206351,Build 37,205843,C or T,T / T
CCDC127,rs141456987,Build 37,205882,C or T,C / C
CCDC127,rs62346511,Build 37,208265,C or T,C / C
CCDC127,rs114938988,Build 37,216037,A or G,G / G
SDHA,rs72711322,Build 37,220536,C or T,C / C
SDHA,rs186909128,Build 37,222078,G or T,G / G
SDHA,rs142441643,Build 37,223624,C or T,C / C
SDHA,rs142926807,Build 37,224487,C or T,T / T
SDHA,rs587782077,Build 37,228345,— or G,G / G
SDHA,i708615,Build 37,229956,C or T,T / T
SDHA,rs587781720,Build 37,231038,C or T,C / C
SDHA,rs182055219,Build 37,233598,A or G,A / A
SDHA,rs200526913,Build 37,233687,A or G,G / G
SDHA,rs151170408,Build 37,235345,C or G,C / C
SDHA,rs786205210,Build 37,240589,A or G,A / A
SDHA,rs181238392,Build 37,251207,C or T,C / C
SDHA,rs200397144,Build 37,251542,C or T,C / C
intergenic,rs202197469,Build 37,263783,A or G,A / A
PDCD6,rs117277148,Build 37,286835,C or T,not determined
PDCD6,rs60974969,Build 37,287907,A or G,A / A
"PDCD6 , LOC100421419",rs73730802,Build 37,289556,C or T,not determined
PDCD6,rs375368084,Build 37,297147,G or T,G / G
PDCD6,rs56073886,Build 37,298024,C or T,T / T
"PDCD6 , AHRR",rs72541621,Build 37,304462,C or T,C / C
"PDCD6 , AHRR",rs10475185,Build 37,306981,C or T,C / C
"PDCD6 , AHRR",rs3756712,Build 37,309096,A or C,A / C
"PDCD6 , AHRR",rs35839513,Build 37,310925,G or T,T / T
AHRR,rs76589558,Build 37,323965,C or T,C / C
AHRR,rs117173418,Build 37,332800,A or G,G / G
AHRR,rs10069360,Build 37,351615,A or G,A / A
AHRR,rs80003388,Build 37,355722,A or G,G / G
AHRR,rs147195249,Build 37,366800,A or G,A / A
AHRR,rs349576,Build 37,369871,A or G,G / G
AHRR,rs908114,Build 37,371958,C or T,C / T
AHRR,rs1877840,Build 37,374748,A or G,A / G
AHRR,rs72711354,Build 37,378424,A or G,G / G
AHRR,rs6555225,Build 37,389587,A or G,A / A
AHRR,rs6555227,Build 37,389603,C or T,T / T
AHRR,rs11738344,Build 37,392622,A or G,A / A
AHRR,rs80207196,Build 37,394086,C or T,C / C
AHRR,rs115363205,Build 37,394772,C or T,C / C
AHRR,rs116302001,Build 37,396551,A or G,G / G
AHRR,rs118015739,Build 37,399439,C or T,C / C
AHRR,rs80318212,Build 37,400239,A or C,C / C
AHRR,rs2672750,Build 37,400445,A or G,A / A
AHRR,rs149324689,Build 37,400589,C or T,C / C
AHRR,rs2672715,Build 37,404804,C or T,C / C
AHRR,rs732111,Build 37,407230,C or T,T / T
AHRR,rs4956936,Build 37,412694,C or T,T / T
intergenic,rs1540708,Build 37,2818217,C or T,C / T
intergenic,rs7714315,Build 37,2818295,C or T,C / T
intergenic,rs114721202,Build 37,2820889,C or T,C / C
intergenic,rs72709673,Build 37,2823942,C or T,C / C
intergenic,rs1018089,Build 37,2831070,G or T,G / G
intergenic,rs11955395,Build 37,2833039,A or G,A / A
intergenic,rs13163086,Build 37,2833623,A or C,A / A
intergenic,rs7442964,Build 37,2843763,C or T,T / T
intergenic,rs113099483,Build 37,2844464,A or G,G / G
intergenic,rs17671764,Build 37,2844510,A or G,G / G
intergenic,rs13160629,Build 37,2845113,C or T,T / T
intergenic,rs73039409,Build 37,2849642,A or G,A / G
intergenic,rs12658165,Build 37,2850128,C or T,C / T
intergenic,rs11740680,Build 37,2851442,C or T,C / T
intergenic,rs903246,Build 37,2853858,C or T,C / T
intergenic,rs79009371,Build 37,2855497,C or T,T / T
intergenic,rs1004953,Build 37,2857885,C or T,C / C
intergenic,rs75171705,Build 37,2857940,C or T,C / C
intergenic,rs2974638,Build 37,2858513,C or T,T / T
intergenic,i717167,Build 37,2860030,G or T,T / T
intergenic,rs16870583,Build 37,2861216,C or T,T / T
intergenic,rs115540740,Build 37,2863938,A or G,G / G
intergenic,rs6884970,Build 37,2865272,C or T,T / T
intergenic,rs1024029,Build 37,2869505,C or T,C / T
intergenic,rs118163824,Build 37,2872057,C or T,C / C
intergenic,rs4866508,Build 37,2874280,C or T,C / T
intergenic,rs79195066,Build 37,2874858,C or T,C / C
intergenic,rs74749323,Build 37,2875049,A or G,G / G
intergenic,rs34670634,Build 37,2876043,C or T,C / C
intergenic,rs717302,Build 37,2879395,A or G,A / G
intergenic,rs1874061,Build 37,2885685,C or T,T / T
intergenic,rs2934546,Build 37,2885813,C or T,C / C
intergenic,rs67159955,Build 37,2887306,A or C,A / C
intergenic,rs76369060,Build 37,2891309,C or T,T / T
intergenic,rs34420734,Build 37,2892943,A or G,G / G
intergenic,rs16874895,Build 37,2897116,C or T,C / C
intergenic,rs73041421,Build 37,2899158,A or G,A / G
intergenic,rs7723317,Build 37,2900563,C or T,C / T
intergenic,rs2974657,Build 37,2901649,A or C,A / A
intergenic,rs12054955,Build 37,2907129,G or T,G / G
intergenic,rs2934555,Build 37,2910083,A or G,A / G
intergenic,rs17627501,Build 37,2912375,C or T,C / T
intergenic,rs13179123,Build 37,2913460,C or T,T / T
intergenic,rs74645687,Build 37,2915199,C or T,T / T
intergenic,rs10061701,Build 37,2922114,A or G,G / G
intergenic,rs10056669,Build 37,2922678,A or G,A / A
intergenic,rs142235145,Build 37,2928040,A or G,A / A
intergenic,rs10475186,Build 37,2929714,A or G,G / G
intergenic,rs2404802,Build 37,2934319,A or C,C / C
intergenic,rs2934519,Build 37,2940406,G or T,G / G
intergenic,rs76471447,Build 37,2941531,A or C,C / C
intergenic,rs17679684,Build 37,2947214,C or T,T / T
intergenic,rs75904749,Build 37,2947971,A or G,G / G
intergenic,rs11749909,Build 37,2948346,A or G,G / G
intergenic,rs1389589,Build 37,2948632,C or T,T / T
intergenic,rs74516387,Build 37,2956834,A or G,G / G
intergenic,rs2974663,Build 37,2957631,A or C,A / C
intergenic,rs79613992,Build 37,2958349,A or G,A / A
intergenic,rs78055219,Build 37,2960213,C or T,C / T
intergenic,rs12515747,Build 37,2962222,A or C,C / C
intergenic,rs187111149,Build 37,2963264,A or G,A / A
intergenic,rs16870738,Build 37,2964138,C or T,C / T
intergenic,rs17629114,Build 37,2966118,A or G,G / G
intergenic,rs12658556,Build 37,2966379,A or C,A / C
intergenic,rs10072630,Build 37,2967373,A or G,A / G
intergenic,rs10072840,Build 37,2967695,A or G,A / G
intergenic,rs4449539,Build 37,2969604,C or T,C / C
intergenic,rs35418629,Build 37,2970605,C or T,T / T
intergenic,rs149236660,Build 37,2975131,A or G,A / A
intergenic,rs58265396,Build 37,2977487,A or G,A / A
intergenic,rs1389596,Build 37,2978981,A or G,G / G
intergenic,rs16870763,Build 37,2979881,C or T,C / C
intergenic,rs62333155,Build 37,2981625,A or G,A / G
intergenic,rs114329974,Build 37,2981745,C or T,T / T
intergenic,rs4587081,Build 37,2983203,C or T,C / C
intergenic,rs78692104,Build 37,2984938,A or C,C / C
intergenic,rs7706911,Build 37,2985250,A or G,G / G
intergenic,rs73733080,Build 37,2985852,A or G,G / G
intergenic,rs60689520,Build 37,2985897,A or G,G / G
intergenic,rs76243987,Build 37,2986320,C or T,C / C
intergenic,rs114422839,Build 37,2986616,A or G,G / G
intergenic,rs12109706,Build 37,2991162,A or G,G / G
intergenic,rs6892487,Build 37,2994864,A or G,G / G
intergenic,rs77657345,Build 37,2995485,G or T,G / G
intergenic,rs116426586,Build 37,2995699,A or G,G / G
intergenic,rs77220452,Build 37,2998054,G or T,G / G
intergenic,rs6885844,Build 37,2998688,A or C,A / C
intergenic,rs72725400,Build 37,2999061,A or G,G / G
intergenic,rs7712222,Build 37,2999518,A or C,A / A
intergenic,rs13361736,Build 37,3000174,A or G,G / G
intergenic,rs59136541,Build 37,3001449,A or G,A / G
intergenic,rs4273614,Build 37,3001926,C or T,C / T
intergenic,rs112877582,Build 37,3002638,A or G,G / G
intergenic,rs67380703,Build 37,3007401,G or T,G / T
intergenic,rs2961793,Build 37,3010613,C or T,T / T
intergenic,rs78400462,Build 37,3013775,C or T,C / C
intergenic,rs11952070,Build 37,3017791,A or G,A / G
intergenic,rs12517482,Build 37,3019005,A or G,A / G
intergenic,rs7701938,Build 37,3020291,A or G,A / A
intergenic,rs76689518,Build 37,3024156,C or T,C / C
intergenic,i717291,Build 37,100114,A or C,A / A
intergenic,rs200202093,Build 37,150279,C or T,C / T
intergenic,rs7774353,Build 37,155815,C or T,C / T
intergenic,rs115082962,Build 37,162699,A or C,A / C
intergenic,rs116229940,Build 37,174798,C or T,T / T
intergenic,rs116195726,Build 37,177050,G or T,G / T
LOC285766,rs78179779,Build 37,204484,A or G,G / G
LOC285766,rs2066406,Build 37,205213,C or T,C / C
intergenic,rs1418707,Build 37,205800,A or G,A / A
intergenic,rs2057082,Build 37,206092,A or G,G / G
intergenic,rs11242709,Build 37,209159,C or T,C / C
intergenic,rs73716620,Build 37,212001,A or G,G / G
intergenic,rs6930285,Build 37,212548,C or T,C / C
intergenic,rs11970426,Build 37,215423,A or G,A / A
intergenic,rs4959585,Build 37,217201,A or G,G / G
intergenic,rs9501753,Build 37,221146,A or G,G / G
intergenic,rs2143739,Build 37,223174,A or G,A / A
intergenic,rs12195797,Build 37,224716,A or G,G / G
intergenic,rs6940742,Build 37,224755,A or G,G / G
intergenic,rs727056,Build 37,225044,C or T,T / T
intergenic,rs976993,Build 37,226715,A or G,A / A
intergenic,rs77404390,Build 37,227528,C or T,C / C
intergenic,rs76437414,Build 37,230737,A or G,G / G
intergenic,rs17806996,Build 37,230973,G or T,G / T
intergenic,rs72835315,Build 37,231878,C or T,T / T
intergenic,rs76717143,Build 37,233229,C or T,not determined
intergenic,rs116395497,Build 37,237169,A or G,G / G
intergenic,rs4959611,Build 37,237215,A or G,G / G
intergenic,rs193164614,Build 37,237585,G or T,T / T
intergenic,rs143459589,Build 37,239659,A or G,G / G
intergenic,rs6596860,Build 37,247899,A or G,G / G
intergenic,rs72835339,Build 37,250807,G or T,G / G
intergenic,rs6927090,Build 37,252145,G or T,G / G
intergenic,rs17133698,Build 37,255562,C or T,C / C
intergenic,rs117378759,Build 37,255877,C or T,C / C
intergenic,rs111376692,Build 37,275561,C or T,T / T
intergenic,rs62388735,Build 37,277262,A or C,A / A
intergenic,rs150038625,Build 37,277625,C or T,T / T
intergenic,rs115213527,Build 37,288780,A or C,A / A
intergenic,rs75908072,Build 37,290438,C or T,not determined
DUSP22,rs59772395,Build 37,300165,C or T,C / C
DUSP22,rs201346671,Build 37,335156,C or T,C / C
DUSP22,i717503,Build 37,337159,C or T,C / C
DUSP22,rs60573705,Build 37,344581,C or T,C / T
DUSP22,rs137855591,Build 37,345896,C or G,C / C
intergenic,rs190261444,Build 37,359429,A or G,A / A
intergenic,rs17809823,Build 37,366602,G or T,G / G
intergenic,rs6940967,Build 37,370497,A or G,G / G
intergenic,rs115583792,Build 37,376502,A or G,G / G
intergenic,rs7773324,Build 37,382559,A or G,A / G
intergenic,rs9378774,Build 37,382897,A or G,A / G
intergenic,rs1033180,Build 37,383546,C or T,C / C
intergenic,rs74758148,Build 37,386933,A or G,G / G
IRF4,rs766946369,Build 37,391817,C or T,C / C
IRF4,rs79324228,Build 37,392866,A or G,A / A
IRF4,rs2666957,Build 37,393868,A or G,A / G
IRF4,rs200504236,Build 37,395009,C or T,T / T
IRF4,rs12203592,Build 37,396321,C or T,C / C
IRF4,rs548665267,Build 37,397101,C or T,C / C
IRF4,rs2671422,Build 37,398775,A or G,A / G
IRF4,rs78073965,Build 37,401070,C or T,C / T
IRF4,rs41301857,Build 37,401641,C or T,C / C
IRF4,rs373569149,Build 37,401783,A or G,G / G
IRF4,rs62389397,Build 37,403737,G or T,T / T
IRF4,rs2001508,Build 37,404632,A or C,A / A
IRF4,rs374231657,Build 37,405137,C or T,C / C
IRF4,rs73717079,Build 37,407365,G or T,G / G
IRF4,rs376015280,Build 37,407451,A or G,A / A
IRF4,rs1050976,Build 37,408079,C or T,C / T
IRF4,rs1050979,Build 37,410417,A or G,A / G
IRF4,rs1877175,Build 37,410493,A or G,G / G
IRF4,rs2316515,Build 37,410848,A or G,A / G
IRF4,rs872071,Build 37,411064,A or G,A / G
intergenic,rs9378805,Build 37,417727,A or C,A / C
intergenic,rs34606187,Build 37,417916,A or G,G / G
intergenic,rs72833944,Build 37,421206,A or G,G / G
intergenic,rs62389424,Build 37,422631,A or C,C / C
intergenic,i717517,Build 37,424291,A or G,G / G
intergenic,i717519,Build 37,425858,C or T,not determined
intergenic,rs7748534,Build 37,427152,G or T,G / T
intergenic,rs950286,Build 37,429457,A or G,G / G
intergenic,rs114653376,Build 37,430839,A or G,G / G
intergenic,rs78795734,Build 37,434787,C or T,C / C
intergenic,rs6597006,Build 37,437421,A or G,A / A
intergenic,rs75177342,Build 37,437964,A or C,A / A
intergenic,rs78419315,Build 37,438646,C or T,C / C
intergenic,rs9392017,Build 37,442357,A or G,A / G
intergenic,rs7743523,Build 37,448247,C or T,C / C
intergenic,rs908027,Build 37,452629,C or T,C / C
intergenic,rs78621255,Build 37,453318,A or G,G / G
intergenic,rs908026,Build 37,455419,C or T,C / T
intergenic,rs4959270,Build 37,457748,A or C,A / C
intergenic,rs114841605,Build 37,462511,C or T,C / C
intergenic,rs908024,Build 37,463753,C or T,C / T
intergenic,rs908023,Build 37,464093,C or T,T / T
intergenic,rs868094,Build 37,464426,C or T,C / T
intergenic,rs34210189,Build 37,465707,G or T,G / G
intergenic,rs1540771,Build 37,466033,C or T,C / T
intergenic,rs3030192,Build 37,466272,C or T,C / T
intergenic,rs60729976,Build 37,466518,A or G,A / G
SLC22A23,rs3813477,Build 37,3398623,C or T,T / T
SLC22A23,rs55851727,Build 37,3399778,A or G,A / A
SLC22A23,rs7745448,Build 37,3402411,A or G,A / A
SLC22A23,rs9392489,Build 37,3402520,C or T,C / T
SLC22A23,rs10900940,Build 37,3402843,C or T,C / T
SLC22A23,rs10900941,Build 37,3403875,A or G,G / G
SLC22A23,rs10900942,Build 37,3404052,A or G,A / G
SLC22A23,rs114759656,Build 37,3405080,C or T,T / T
SLC22A23,rs114622065,Build 37,3406975,A or G,A / A
SLC22A23,rs6596966,Build 37,3407646,C or T,C / T
SLC22A23,rs78994264,Build 37,3410376,C or T,C / C
SLC22A23,rs73720720,Build 37,3414998,C or T,T / T
SLC22A23,rs6923735,Build 37,3417643,A or G,A / G
SLC22A23,rs76517316,Build 37,3419818,A or G,G / G
SLC22A23,rs12662630,Build 37,3423934,C or T,C / C
SLC22A23,rs17309827,Build 37,3433318,G or T,T / T
SLC22A23,rs6921583,Build 37,3442900,C or T,C / C
SLC22A23,rs17250853,Build 37,3442988,G or T,G / G
SLC22A23,rs77512408,Build 37,3444912,C or T,C / C
SLC22A23,rs9502008,Build 37,3447277,A or G,G / G
SLC22A23,rs9378796,Build 37,3448645,G or T,G / G
SLC22A23,rs114733279,Build 37,3449071,C or T,T / T
SLC22A23,rs9378798,Build 37,3452974,A or G,G / G
intergenic,rs7775474,Build 37,3468224,C or T,C / C
intergenic,rs9328178,Build 37,3470242,A or G,G / G
intergenic,rs13193250,Build 37,3470613,C or T,T / T
intergenic,rs7356995,Build 37,3472175,A or C,A / C
intergenic,rs9378801,Build 37,3477475,A or C,A / C
intergenic,rs57478596,Build 37,3481387,C or T,C / C
intergenic,rs1205032,Build 37,3485134,C or T,C / C
intergenic,rs7760989,Build 37,3496602,A or C,C / C
intergenic,rs79706670,Build 37,3512621,A or G,G / G
intergenic,rs77223828,Build 37,3513542,A or G,A / G
intergenic,rs115464299,Build 37,3514204,A or G,G / G
intergenic,rs13210301,Build 37,3514478,G or T,G / G
intergenic,rs4959847,Build 37,3516504,C or T,C / T
intergenic,rs17136642,Build 37,3525205,A or G,A / G
intergenic,rs4959849,Build 37,3527310,A or G,A / G
intergenic,rs114197984,Build 37,3530323,C or T,C / C
intergenic,rs9502014,Build 37,3531912,C or T,T / T
intergenic,rs17136665,Build 37,3540377,C or T,C / T
intergenic,rs7740160,Build 37,3547303,A or G,A / G
intergenic,rs188681480,Build 37,3552365,G or T,G / G
intergenic,rs72845626,Build 37,3554466,C or T,C / C
intergenic,rs115124769,Build 37,3557029,C or T,C / C
intergenic,rs116403998,Build 37,3558339,C or T,C / T
intergenic,rs9405647,Build 37,3569274,C or T,C / C
intergenic,rs11242863,Build 37,3570361,A or G,A / G
intergenic,rs12662432,Build 37,3573197,C or T,C / C
intergenic,rs7747234,Build 37,3573229,A or G,G / G
intergenic,rs72845632,Build 37,3575715,A or G,G / G
intergenic,rs12208663,Build 37,3577922,C or T,C / C
intergenic,rs1205015,Build 37,3579665,C or T,C / C
intergenic,rs111586125,Build 37,3581438,C or T,T / T
intergenic,rs6902488,Build 37,3584259,C or T,C / C
intergenic,rs78432179,Build 37,3584930,C or T,C / C
intergenic,rs78836486,Build 37,3584947,A or G,A / G
intergenic,rs114407142,Build 37,3585232,C or T,T / T
intergenic,rs17136721,Build 37,3587633,A or G,G / G
intergenic,rs35984452,Build 37,3589354,A or G,A / A
intergenic,rs6912510,Build 37,3589564,A or C,A / A
intergenic,rs116328101,Build 37,3603483,C or T,C / C
intergenic,rs142603692,Build 37,3603712,C or T,C / C
intergenic,rs142051548,Build 37,3611508,C or T,C / C
intergenic,rs115828264,Build 37,3615725,A or G,A / A
intergenic,rs114089370,Build 37,3621377,C or T,C / C
intergenic,rs113628753,Build 37,3621539,G or T,G / G
intergenic,rs7743738,Build 37,3627623,A or G,A / G
intergenic,rs9392511,Build 37,3634699,C or T,T / T
intergenic,rs139418894,Build 37,3638570,C or T,T / T
intergenic,rs6940109,Build 37,3643787,C or T,C / T
intergenic,rs62392892,Build 37,3644874,C or T,T / T
intergenic,rs76785146,Build 37,3645074,A or G,G / G
intergenic,rs13220765,Build 37,3659227,A or C,C / C
intergenic,rs72845668,Build 37,3659905,A or G,A / A
intergenic,rs72845672,Build 37,3665225,A or G,G / G
intergenic,rs9502039,Build 37,3665573,C or T,C / T
intergenic,rs9502040,Build 37,3665772,A or G,G / G
intergenic,rs73353192,Build 37,3666771,A or G,G / G
intergenic,rs190147953,Build 37,3676579,C or T,C / C
intergenic,rs9328186,Build 37,3697149,A or G,A / A
intergenic,rs6909042,Build 37,3698134,A or G,A / G
intergenic,rs226926,Build 37,3701286,A or G,A / G
intergenic,rs77344334,Build 37,3705667,C or T,C / C
intergenic,rs17136946,Build 37,3706040,C or T,C / C
intergenic,rs13219323,Build 37,3712882,C or T,C / T
intergenic,rs12193644,Build 37,3712991,A or G,G / G
intergenic,rs9378812,Build 37,3714986,C or T,C / T
intergenic,rs226949,Build 37,3716440,C or T,C / C
intergenic,rs75443109,Build 37,3718173,C or T,T / T
intergenic,rs13194182,Build 37,3718224,A or G,A / G
PXDC1,rs742541,Build 37,3723332,A or C,C / C
PXDC1,rs226962,Build 37,3724961,C or T,C / C
PXDC1,rs226956,Build 37,3730290,C or T,T / T
PXDC1,rs11242868,Build 37,3737700,C or T,C / T
PXDC1,rs116428107,Build 37,3739128,A or G,A / A
PXDC1,rs72847739,Build 37,3739356,G or T,G / G
PXDC1,rs12193236,Build 37,3739835,C or T,T / T
PXDC1,rs9503725,Build 37,3742857,A or G,A / G
PXDC1,rs12526106,Build 37,3745723,A or G,G / G
intergenic,rs62429406,Build 37,43748,G or T,T / T
intergenic,rs117163387,Build 37,43961,C or T,C / C
intergenic,rs78694935,Build 37,44766,A or C,C / C
intergenic,rs7456436,Build 37,44935,C or T,C / C
intergenic,rs12667841,Build 37,53945,A or G,G / G
intergenic,rs7806592,Build 37,53998,C or T,T / T
intergenic,rs5029143,Build 37,54400,A or G,G / G
intergenic,rs10249763,Build 37,57148,A or G,G / G
intergenic,rs75582885,Build 37,58901,C or T,C / C
intergenic,rs10248338,Build 37,59671,C or T,C / C
intergenic,rs12670102,Build 37,60392,C or T,C / C
intergenic,rs146093299,Build 37,61653,A or G,G / G
intergenic,rs11770870,Build 37,62338,C or T,C / C
intergenic,rs6964622,Build 37,63494,A or G,G / G
intergenic,rs56759317,Build 37,66031,A or G,G / G
intergenic,rs61405042,Build 37,67200,C or T,C / C
intergenic,rs3924854,Build 37,67365,C or T,T / T
intergenic,rs75549916,Build 37,68891,G or T,G / G
intergenic,rs13311574,Build 37,72375,C or T,C / C
intergenic,rs4637765,Build 37,93811,A or G,G / G
intergenic,rs77959605,Build 37,94742,A or G,A / A
intergenic,rs35174522,Build 37,100278,C or T,C / C
intergenic,rs117287113,Build 37,109145,C or T,C / C
intergenic,rs35012347,Build 37,109898,A or G,G / G
intergenic,rs74961666,Build 37,109984,C or T,C / C
intergenic,rs12532671,Build 37,110934,C or T,C / C
intergenic,rs6964008,Build 37,112397,C or T,C / C
intergenic,rs12718103,Build 37,113702,C or T,T / T
intergenic,rs7787870,Build 37,115454,C or T,T / T
intergenic,rs34702399,Build 37,115854,C or T,T / T
intergenic,rs74685734,Build 37,119041,A or G,G / G
intergenic,rs4556042,Build 37,120174,G or T,T / T
intergenic,rs35948165,Build 37,122450,C or T,T / T
intergenic,rs4279545,Build 37,124952,A or G,A / A
intergenic,rs73669600,Build 37,125510,G or T,G / G
intergenic,rs62428584,Build 37,125838,A or C,A / C
intergenic,rs7805480,Build 37,126654,C or T,C / C
intergenic,rs62428600,Build 37,126748,A or G,A / A
intergenic,rs11773539,Build 37,127498,C or T,C / C
intergenic,rs75915986,Build 37,128126,C or T,T / T
intergenic,rs77711438,Build 37,129951,A or G,G / G
intergenic,rs117259619,Build 37,130385,A or C,A / A
intergenic,rs118145176,Build 37,132053,A or G,G / G
intergenic,rs75548961,Build 37,132428,C or T,C / C
intergenic,rs12540429,Build 37,132514,C or T,T / T
intergenic,rs11772412,Build 37,134237,A or G,G / G
intergenic,rs76177636,Build 37,135873,C or T,T / T
intergenic,rs10275469,Build 37,139113,G or T,T / T
intergenic,rs10227280,Build 37,149537,C or T,C / C
intergenic,rs75374501,Build 37,161935,C or T,C / C
intergenic,rs4645514,Build 37,163185,A or G,A / A
intergenic,rs56291618,Build 37,164282,A or G,A / A
intergenic,rs73038952,Build 37,164348,C or T,C / C
intergenic,rs71536272,Build 37,164353,C or T,C / C
intergenic,rs4075894,Build 37,168027,G or T,T / T
intergenic,rs4618643,Build 37,169179,A or G,A / A
intergenic,rs13309471,Build 37,171613,C or T,T / T
intergenic,rs7803082,Build 37,176270,C or T,T / T
intergenic,rs118136603,Build 37,176651,C or T,C / C
intergenic,rs116117128,Build 37,179872,C or T,C / C
intergenic,rs4074575,Build 37,181104,A or C,A / A
intergenic,rs56360552,Build 37,181507,C or T,C / T
intergenic,rs113920333,Build 37,184537,A or G,G / G
intergenic,rs74959472,Build 37,186217,A or G,A / A
intergenic,rs10256058,Build 37,186466,C or T,C / T
intergenic,rs78339326,Build 37,187132,C or T,C / C
intergenic,rs74427726,Build 37,187580,A or G,G / G
intergenic,rs117872302,Build 37,188317,A or G,G / G
intergenic,rs6972063,Build 37,189720,C or T,C / C
FAM20C,rs61734970,Build 37,195594,A or G,G / G
FAM20C,rs116181849,Build 37,195679,C or T,C / C
FAM20C,rs4074119,Build 37,198903,C or T,T / T
FAM20C,rs75589285,Build 37,200916,C or T,C / C
FAM20C,rs12672146,Build 37,202012,A or G,G / G
FAM20C,rs55776762,Build 37,204257,C or T,C / C
FAM20C,rs73251080,Build 37,210628,C or T,T / T
FAM20C,rs28495961,Build 37,212855,C or T,C / C
FAM20C,rs75677497,Build 37,213156,C or G,C / C
FAM20C,rs116653477,Build 37,213843,A or G,G / G
FAM20C,rs78733803,Build 37,213858,A or G,G / G
FAM20C,rs34407775,Build 37,214627,C or T,T / T
FAM20C,rs72503873,Build 37,215202,A or G,G / G
FAM20C,rs28485819,Build 37,216569,C or T,C / T
FAM20C,rs28545620,Build 37,217620,C or T,C / C
FAM20C,rs28644307,Build 37,223067,A or G,A / G
FAM20C,rs28548330,Build 37,227225,A or G,G / G
FAM20C,rs76423533,Build 37,227987,C or T,C / C
FAM20C,rs764878207,Build 37,228481,C or T,C / C
FAM20C,rs75630409,Build 37,228813,A or G,G / G
FAM20C,rs28648744,Build 37,230754,C or T,C / C
FAM20C,rs60281906,Build 37,231307,A or G,G / G
FAM20C,rs28405775,Build 37,231756,A or G,G / G
FAM20C,rs78137899,Build 37,232179,C or T,C / C
FAM20C,rs141458076,Build 37,282552,C or T,T / T
FAM20C,rs143037110,Build 37,284938,C or T,C / C
FAM20C,rs142538030,Build 37,287841,C or T,C / T
FAM20C,rs36151804,Build 37,293105,A or C,C / C
FAM20C,rs150600175,Build 37,294918,A or G,G / G
FAM20C,rs148991318,Build 37,295263,C or T,C / C
FAM20C,i717797,Build 37,297910,C or T,C / C
intergenic,rs6963845,Build 37,3295229,A or C,A / A
intergenic,rs75271691,Build 37,3295890,A or G,G / G
intergenic,rs6946117,Build 37,3298532,A or G,A / A
intergenic,rs12666366,Build 37,3302127,A or G,A / A
intergenic,rs77792977,Build 37,3304533,C or T,C / C
intergenic,rs111935681,Build 37,3304969,A or G,A / A
intergenic,rs73043678,Build 37,3307861,C or T,C / T
intergenic,rs12056190,Build 37,3307922,A or G,A / G
intergenic,rs6959074,Build 37,3308195,C or T,C / C
intergenic,rs2049477,Build 37,3312870,A or C,A / C
intergenic,rs79625335,Build 37,3313225,A or C,C / C
intergenic,rs117782065,Build 37,3315486,C or T,C / C
intergenic,rs17133208,Build 37,3315572,C or T,T / T
intergenic,rs183062930,Build 37,3323130,A or G,G / G
intergenic,rs77636819,Build 37,3335123,A or G,A / G
intergenic,rs67531748,Build 37,3339094,C or T,C / C
SDK1,rs73044770,Build 37,3347795,A or G,A / A
SDK1,rs1880609,Build 37,3349559,A or G,A / A
SDK1,rs4343996,Build 37,3362642,A or G,A / A
SDK1,rs73046647,Build 37,3364375,A or C,A / A
SDK1,rs190913894,Build 37,3373782,C or T,C / C
SDK1,rs117422186,Build 37,3374332,C or T,T / T
SDK1,rs4389835,Build 37,3383662,A or C,A / C
SDK1,rs12535881,Build 37,3394468,A or C,A / A
SDK1,rs78482327,Build 37,3399018,C or T,T / T
SDK1,rs62437708,Build 37,3399315,C or T,C / C
SDK1,rs79700686,Build 37,3400118,A or G,A / G
SDK1,rs17812938,Build 37,3411534,A or G,A / A
SDK1,rs150009371,Build 37,3411748,G or T,G / G
SDK1,rs12667184,Build 37,3413793,A or G,A / G
SDK1,rs78214600,Build 37,3418740,C or T,C / C
SDK1,rs939912,Build 37,3420856,A or G,A / G
SDK1,rs144369014,Build 37,3425093,A or G,A / A
SDK1,rs116884430,Build 37,3435168,G or T,T / T
SDK1,rs6977110,Build 37,3441964,A or G,G / G
SDK1,rs17133289,Build 37,3451138,A or C,A / C
SDK1,rs117217710,Build 37,3452005,C or T,C / C
SDK1,rs117479459,Build 37,3459194,A or G,G / G
SDK1,rs78527418,Build 37,3465737,C or T,T / T
SDK1,rs12700868,Build 37,3471223,A or G,G / G
SDK1,rs17133346,Build 37,3472629,A or G,A / G
SDK1,rs2204123,Build 37,3479432,C or T,C / T
SDK1,rs10243467,Build 37,3481695,A or G,A / A
SDK1,rs4096519,Build 37,3482691,C or T,C / T
SDK1,rs62437735,Build 37,3488715,A or G,A / A
SDK1,rs117886106,Build 37,3492992,G or T,G / G
SDK1,rs117505873,Build 37,3510228,A or G,A / A
SDK1,rs76072086,Build 37,3512193,C or T,T / T
SDK1,rs17133409,Build 37,3515437,A or G,A / A
SDK1,rs117871886,Build 37,3517365,C or T,C / C
SDK1,rs62437757,Build 37,3521197,A or C,A / C
SDK1,rs10499337,Build 37,3521803,C or T,C / C
SDK1,rs143910103,Build 37,3523233,A or G,A / A
SDK1,rs79512481,Build 37,3524086,C or T,T / T
SDK1,rs1548210,Build 37,3526685,C or T,C / C
SDK1,rs73050187,Build 37,3537568,C or T,C / C
SDK1,rs10464335,Build 37,3542351,C or T,C / C
SDK1,rs1882426,Build 37,3544743,C or T,T / T
SDK1,rs139099533,Build 37,3546038,A or G,A / A
SDK1,rs77798192,Build 37,3546621,A or G,A / G
SDK1,rs73035927,Build 37,3550641,A or G,A / G
SDK1,rs199820189,Build 37,3553848,G or T,G / G
SDK1,rs73035934,Build 37,3557123,C or T,T / T
SDK1,rs79473242,Build 37,3557357,C or T,C / C
SDK1,rs113233431,Build 37,3559519,A or C,A / A
SDK1,rs2705608,Build 37,3559826,A or C,A / A
SDK1,rs79926077,Build 37,3561173,A or G,G / G
SDK1,rs12111969,Build 37,3571289,A or G,G / G
SDK1,rs79292689,Build 37,3571420,A or G,A / A
SDK1,rs4722903,Build 37,3572028,A or C,C / C
SDK1,rs6944958,Build 37,3574577,A or G,A / A
SDK1,rs2614950,Build 37,3581391,A or G,A / A
SDK1,rs77746712,Build 37,3584836,C or T,C / C
SDK1,rs11762705,Build 37,3589257,C or T,C / C
SDK1,rs6462164,Build 37,3598976,C or T,C / C
SDK1,rs9791502,Build 37,3611608,A or G,G / G
SDK1,rs117521432,Build 37,3626644,A or G,G / G
SDK1,rs2614967,Build 37,3627799,C or T,T / T
SDK1,rs11977942,Build 37,3635105,C or T,T / T
SDK1,rs6971989,Build 37,3637497,A or G,A / A
SDK1,rs13223065,Build 37,3639612,A or G,G / G
SDK1,rs78717333,Build 37,3645987,A or G,G / G
SDK1,rs375456336,Build 37,3646431,C or T,C / C
SDK1,rs10263338,Build 37,3676463,C or T,C / C
SDK1,rs117809058,Build 37,3682840,C or T,not determined
SDK1,rs2614958,Build 37,3684183,A or G,A / A
SDK1,rs375500497,Build 37,3690976,A or G,A / A
SDK1,rs117934031,Build 37,3692509,C or T,C / T
SDK1,rs12674395,Build 37,3693758,A or G,G / G
SDK1,rs117640064,Build 37,3695888,A or C,C / C
SDK1,rs6462213,Build 37,3697421,A or G,A / G
SDK1,rs117756176,Build 37,3705427,C or T,T / T
SDK1,rs6964347,Build 37,3706763,A or G,A / A
SDK1,rs62437912,Build 37,3709800,A or G,G / G
SDK1,rs75793132,Build 37,3713782,G or T,T / T
SDK1,rs34586656,Build 37,3715150,A or G,A / A
SDK1,rs6462225,Build 37,3722433,C or T,C / C
SDK1,rs2060185,Build 37,3728881,A or G,G / G
SDK1,rs992141,Build 37,3732253,G or T,T / T
SDK1,rs16870927,Build 37,3733318,A or G,A / A
RPL23AP53,rs66823261,Build 37,170692,C or T,T / T
RPL23AP53,rs191185029,Build 37,172972,A or G,not determined
RPL23AP53,rs78779554,Build 37,174944,A or G,G / G
RPL23AP53,rs76409513,Build 37,176273,G or T,G / G
RPL23AP53,rs143913353,Build 37,178705,C or G,C / C
RPL23AP53,rs56080987,Build 37,179908,C or T,T / T
RPL23AP53,rs116844674,Build 37,180399,G or T,G / G
ZNF596,rs2074718,Build 37,195254,A or C,A / C
ZNF596,rs202086334,Build 37,195679,A or G,G / G
ZNF596,rs2072174,Build 37,196274,G or T,T / T
ZNF596,rs763786,Build 37,196884,A or C,A / C
intergenic,rs57062862,Build 37,198327,A or G,A / A
intergenic,rs2906333,Build 37,198770,C or T,C / C
intergenic,rs10099027,Build 37,212361,C or T,T / T
intergenic,rs56765228,Build 37,215472,C or T,T / T
intergenic,rs3008295,Build 37,217587,C or T,T / T
intergenic,rs4295641,Build 37,219797,A or G,A / G
intergenic,rs60539523,Build 37,220044,A or G,A / A
intergenic,rs115522800,Build 37,224172,C or T,C / C
intergenic,rs7387793,Build 37,224666,A or G,G / G
intergenic,rs3008261,Build 37,225031,C or T,C / C
intergenic,rs73668568,Build 37,226588,A or G,G / G
intergenic,rs11998673,Build 37,226603,A or G,G / G
intergenic,rs116902612,Build 37,227703,C or T,C / C
intergenic,rs11990857,Build 37,235245,C or T,C / C
intergenic,rs56341875,Build 37,236196,A or G,A / A
intergenic,rs60319211,Build 37,236615,C or T,C / C
intergenic,rs10087419,Build 37,236656,C or T,C / C
intergenic,rs56749670,Build 37,236780,A or C,C / C
intergenic,rs73668591,Build 37,236818,C or T,C / C
intergenic,rs73173346,Build 37,238139,A or G,A / A
intergenic,rs7826512,Build 37,239875,G or T,G / G
intergenic,i708908,Build 37,240792,A or G,G / G
intergenic,rs78538399,Build 37,243161,G or T,G / T
intergenic,rs117613321,Build 37,244589,A or C,A / A
intergenic,rs114201150,Build 37,249329,C or T,T / T
intergenic,rs12546602,Build 37,250466,A or G,G / G
intergenic,rs12546617,Build 37,250515,A or G,G / G
intergenic,rs117726731,Build 37,253655,C or T,C / C
intergenic,rs56026473,Build 37,260283,A or G,A / G
intergenic,rs59497281,Build 37,260371,A or C,A / C
intergenic,rs12547501,Build 37,268266,A or C,C / C
intergenic,rs117397382,Build 37,268415,C or T,T / T
intergenic,rs202080405,Build 37,270213,C or T,T / T
intergenic,rs117182035,Build 37,271362,A or C,A / C
intergenic,rs190874600,Build 37,272082,A or G,A / A
intergenic,rs117802436,Build 37,277424,C or T,C / C
intergenic,rs11998560,Build 37,281208,G or T,G / T
intergenic,rs73669425,Build 37,282438,C or T,C / T
intergenic,rs41379847,Build 37,284467,A or G,A / A
intergenic,rs78219876,Build 37,285463,A or G,G / G
intergenic,rs7012085,Build 37,286287,A or G,A / A
intergenic,rs74897471,Build 37,291914,A or G,G / G
intergenic,rs62484785,Build 37,292552,G or T,G / G
intergenic,rs191648180,Build 37,297404,A or C,C / C
intergenic,rs17737638,Build 37,297459,A or G,G / G
intergenic,rs12547447,Build 37,298109,C or T,C / C
intergenic,rs11781813,Build 37,300058,C or T,T / T
intergenic,rs59526552,Build 37,304651,A or C,C / C
intergenic,rs117894288,Build 37,307531,C or T,not determined
intergenic,rs34340729,Build 37,307830,C or T,T / T
intergenic,rs76947290,Build 37,307840,A or G,A / G
intergenic,rs6558696,Build 37,314765,A or C,A / C
intergenic,rs4360272,Build 37,316315,A or G,G / G
intergenic,rs58427802,Build 37,323263,C or T,C / C
FAM87A,i712182,Build 37,326522,C or T,C / C
FAM87A,rs112245759,Build 37,326764,A or G,G / G
FAM87A,rs17064450,Build 37,332249,C or T,C / C
FAM87A,rs73523868,Build 37,333105,A or G,A / G
intergenic,rs1979081,Build 37,334288,G or T,G / T
intergenic,rs1550948,Build 37,335646,C or T,C / C
intergenic,rs7834938,Build 37,339702,C or T,C / T
intergenic,rs9644332,Build 37,340190,C or T,not determined
intergenic,rs113103015,Build 37,345410,A or G,G / G
intergenic,rs73669362,Build 37,346596,C or T,C / T
intergenic,rs112150849,Build 37,346832,G or T,T / T
intergenic,rs6988801,Build 37,351546,C or T,C / T
intergenic,rs139958776,Build 37,355895,A or G,G / G
FBXO25,rs192059386,Build 37,363296,A or C,C / C
FBXO25,rs117211579,Build 37,368635,C or T,C / C
FBXO25,rs142817987,Build 37,368718,C or T,T / T
FBXO25,rs58754476,Build 37,398617,G or T,not determined
FBXO25,rs17665479,Build 37,400391,A or C,C / C
FBXO25,rs6651443,Build 37,401493,C or T,T / T
FBXO25,rs10090308,Build 37,401635,A or G,A / G
FBXO25,rs3735925,Build 37,403304,A or G,A / A
FBXO25,rs117312181,Build 37,407519,A or G,A / A
FBXO25,rs200439461,Build 37,408384,C or T,C / C
FBXO25,rs75960979,Build 37,414601,C or T,T / T
FBXO25,rs55753702,Build 37,416695,C or T,C / C
FBXO25,rs1050910,Build 37,419810,C or T,C / T
intergenic,rs7013349,Build 37,421858,A or G,A / A
intergenic,rs1128051,Build 37,426479,A or G,A / G
intergenic,rs117844281,Build 37,429357,A or G,A / A
intergenic,rs7001183,Build 37,432146,A or G,A / G
intergenic,rs6558845,Build 37,435206,A or C,A / C
intergenic,rs6984098,Build 37,435298,G or T,G / T
intergenic,rs7009965,Build 37,435375,A or C,C / C
intergenic,rs74765737,Build 37,435625,G or T,G / G
intergenic,rs6992114,Build 37,437240,C or T,C / T
intergenic,rs4357316,Build 37,2712400,A or G,A / G
intergenic,rs6992851,Build 37,2717835,C or T,C / C
intergenic,rs2978339,Build 37,2723686,A or G,A / A
intergenic,rs341683,Build 37,2726198,A or G,G / G
intergenic,rs2924918,Build 37,2726283,C or T,T / T
intergenic,rs2627290,Build 37,2734052,A or G,A / G
intergenic,rs4875854,Build 37,2734771,C or T,C / T
intergenic,rs171028,Build 37,2737097,A or C,not determined
intergenic,rs641525,Build 37,2740502,G or T,G / T
intergenic,rs897271,Build 37,2742292,A or G,A / G
intergenic,rs56131249,Build 37,2742653,A or G,A / A
intergenic,rs13265251,Build 37,2745751,C or T,C / T
intergenic,rs2721266,Build 37,2753127,A or G,A / G
intergenic,rs341750,Build 37,2759300,C or T,C / T
intergenic,rs11997932,Build 37,2760061,A or G,A / G
intergenic,rs10503185,Build 37,2760178,A or G,G / G
intergenic,rs341727,Build 37,2771252,C or T,C / T
intergenic,rs73179549,Build 37,2772809,C or T,C / T
intergenic,rs921777,Build 37,2774638,A or G,G / G
intergenic,rs341731,Build 37,2776401,C or T,T / T
intergenic,rs2604132,Build 37,2777552,A or G,A / G
intergenic,rs10503186,Build 37,2777828,C or T,C / T
intergenic,rs817258,Build 37,2779954,C or T,C / T
intergenic,rs341744,Build 37,2784418,A or G,G / G
intergenic,rs72621181,Build 37,2787611,C or T,C / T
intergenic,rs7840244,Build 37,2788108,A or G,A / G
intergenic,rs112258925,Build 37,2790384,A or C,C / C
intergenic,rs7015598,Build 37,2790668,G or T,T / T
intergenic,rs7829487,Build 37,2791315,A or C,A / A
intergenic,rs79833101,Build 37,2791354,A or G,A / G
intergenic,rs12542409,Build 37,2792579,C or T,C / T
intergenic,rs73657521,Build 37,2792587,A or G,A / A
CSMD1,rs673430,Build 37,2793302,C or T,T / T
CSMD1,rs75505851,Build 37,2794073,C or T,C / C
CSMD1,rs583087,Build 37,2795835,C or T,C / C
CSMD1,rs585000,Build 37,2796277,C or T,T / T
CSMD1,rs646181,Build 37,2799369,A or C,A / A
CSMD1,rs73179577,Build 37,2800423,C or T,C / T
CSMD1,rs677637,Build 37,2801788,C or T,T / T
CSMD1,rs584541,Build 37,2802745,C or T,C / C
CSMD1,rs1105081,Build 37,2807052,C or T,T / T
CSMD1,rs637954,Build 37,2808265,A or G,A / A
CSMD1,rs688579,Build 37,2808520,A or G,G / G
CSMD1,rs11993031,Build 37,2809581,A or T,A / T
CSMD1,rs143022954,Build 37,2811276,A or C,A / A
CSMD1,rs1872232,Build 37,2817319,C or T,C / T
CSMD1,rs4875857,Build 37,2819809,C or T,C / T
CSMD1,rs4876056,Build 37,2820043,G or T,G / G
CSMD1,rs151238691,Build 37,2824256,C or T,C / C
CSMD1,rs117633452,Build 37,2824257,C or T,C / C
CSMD1,rs147186993,Build 37,2830677,A or G,A / A
CSMD1,rs666276,Build 37,2832449,C or T,C / C
CSMD1,rs671958,Build 37,2837777,A or C,A / A
CSMD1,rs627327,Build 37,2847457,A or G,G / G
CSMD1,rs616625,Build 37,2847500,G or T,G / G
CSMD1,rs630444,Build 37,2850965,A or G,A / A
CSMD1,rs79021363,Build 37,2856124,A or G,G / G
CSMD1,rs75341190,Build 37,2856487,A or G,A / G
CSMD1,rs77441949,Build 37,2857376,C or T,C / C
CSMD1,rs79229511,Build 37,2857701,A or G,A / A
CSMD1,rs76346084,Build 37,2867928,A or G,A / G
CSMD1,rs6995867,Build 37,2869683,A or G,G / G
CSMD1,rs74438457,Build 37,2873713,C or T,C / C
CSMD1,rs659370,Build 37,2873996,A or G,G / G
CSMD1,rs77442835,Build 37,2874670,C or T,C / C
CSMD1,rs12115147,Build 37,2875024,A or C,A / C
CSMD1,rs17079078,Build 37,2876834,A or C,A / C
CSMD1,rs73181705,Build 37,2877135,C or T,T / T
CSMD1,rs74926011,Build 37,2877197,A or G,G / G
CSMD1,rs592319,Build 37,2878632,C or T,T / T
CSMD1,rs17079099,Build 37,2879070,C or T,C / T
CSMD1,rs73181706,Build 37,2882305,A or C,A / A
CSMD1,i718111,Build 37,2883919,C or T,not determined
CSMD1,rs603688,Build 37,2885465,A or G,A / G
CSMD1,rs77794683,Build 37,2887484,C or T,C / C
CSMD1,rs7387065,Build 37,2903020,A or G,A / A
CSMD1,rs117057325,Build 37,2906120,C or T,C / C
CSMD1,rs13249456,Build 37,2909351,C or T,T / T
CSMD1,rs139216873,Build 37,2909495,A or C,A / A
CSMD1,rs6558702,Build 37,2909992,A or G,A / A
CSMD1,rs35071327,Build 37,2910075,C or T,C / C
CSMD1,rs17079216,Build 37,2916630,A or G,G / G
CSMD1,rs117733566,Build 37,2921485,A or C,A / A
CSMD1,rs143122307,Build 37,2922984,C or T,T / T
CSMD1,rs7841279,Build 37,2923612,A or G,G / G
CSMD1,rs7821141,Build 37,2932406,A or G,A / A
CSMD1,rs12681676,Build 37,2934938,A or G,A / G
CSMD1,rs11986105,Build 37,2935525,A or G,A / G
CSMD1,rs144495840,Build 37,2938854,C or T,C / C
CSMD1,rs78309504,Build 37,2940055,C or T,C / C
CSMD1,rs74604580,Build 37,2943947,C or T,C / C
CSMD1,rs1870616,Build 37,2946196,C or T,T / T
CSMD1,rs78533408,Build 37,2949272,C or T,T / T
CSMD1,rs73183513,Build 37,2950378,A or C,A / A
CSMD1,rs7818488,Build 37,2950798,A or G,A / G
CSMD1,rs78673337,Build 37,2950828,A or G,G / G
CSMD1,rs7013604,Build 37,2951965,A or G,A / G
CSMD1,rs117554834,Build 37,2952234,C or T,T / T
CSMD1,rs117867628,Build 37,2956800,C or T,T / T
CSMD1,rs75833008,Build 37,2957876,G or T,G / G
FOXD4,i718354,Build 37,116581,A or G,G / G
FOXD4,rs767915916,Build 37,117364,— or C,not determined
FOXD4,rs10959293,Build 37,117720,A or T,T / T
CBWD1,rs62533602,Build 37,126903,A or G,G / G
CBWD1,rs78804900,Build 37,133828,C or T,C / C
CBWD1,rs17795008,Build 37,154933,G or T,T / T
CBWD1,rs62532020,Build 37,175050,A or G,G / G
intergenic,i718417,Build 37,185216,A or G,A / A
intergenic,rs478882,Build 37,205964,A or G,A / A
intergenic,rs74642807,Build 37,206323,C or T,T / T
intergenic,rs631411,Build 37,209325,C or T,C / C
"DOCK8-AS1 , DOCK8",rs73370597,Build 37,215296,A or G,A / A
"DOCK8-AS1 , DOCK8",rs7869327,Build 37,215494,C or T,C / C
DOCK8,rs561921,Build 37,216124,A or G,A / A
DOCK8,rs663013,Build 37,220070,C or T,C / C
DOCK8,rs1536608,Build 37,223613,G or T,T / T
DOCK8,rs118166032,Build 37,227480,C or T,C / C
DOCK8,rs12339394,Build 37,227980,A or G,A / A
DOCK8,rs78398356,Build 37,239396,A or T,A / A
DOCK8,rs661356,Build 37,244457,A or G,A / G
DOCK8,rs785838,Build 37,248749,C or T,C / T
DOCK8,rs117142098,Build 37,253056,C or T,C / C
DOCK8,rs62533368,Build 37,265761,A or G,G / G
DOCK8,rs526509,Build 37,268740,G or T,G / T
DOCK8,rs192864327,Build 37,271626,G or T,G / G
DOCK8,rs10757606,Build 37,274108,A or G,G / G
DOCK8,rs12343204,Build 37,275179,A or G,A / G
DOCK8,rs13293251,Build 37,275216,C or T,C / T
DOCK8,rs13287349,Build 37,275913,C or T,C / T
DOCK8,rs535474,Build 37,279149,A or G,A / G
DOCK8,rs4741750,Build 37,279826,C or T,C / C
DOCK8,rs12349487,Build 37,280429,G or T,T / T
DOCK8,rs785850,Build 37,281976,C or T,C / T
DOCK8,rs16928274,Build 37,282795,C or T,C / C
DOCK8,rs76905982,Build 37,284363,C or T,T / T
DOCK8,rs138641211,Build 37,284370,G or T,T / T
DOCK8,rs117531256,Build 37,285346,C or T,C / C
DOCK8,rs3209441,Build 37,286491,A or G,A / G
DOCK8,rs13283984,Build 37,287107,C or T,T / T
DOCK8,rs10968160,Build 37,288611,A or C,A / A
DOCK8,rs6476030,Build 37,289061,A or G,A / A
DOCK8,rs1336566,Build 37,290006,C or T,C / T
DOCK8,rs17664531,Build 37,290841,C or T,T / T
DOCK8,rs113630032,Build 37,298777,A or G,A / A
DOCK8,rs10757845,Build 37,303639,A or G,G / G
DOCK8,rs10813156,Build 37,307197,C or T,C / C
DOCK8,rs112833185,Build 37,309718,C or T,C / C
DOCK8,rs184110464,Build 37,309933,C or T,T / T
DOCK8,rs11789099,Build 37,312134,A or G,G / G
DOCK8,rs1556022,Build 37,326767,C or T,C / T
DOCK8,rs116856802,Build 37,327137,C or T,C / C
DOCK8,rs75352090,Build 37,328113,C or T,C / C
DOCK8,rs148994877,Build 37,328163,A or G,G / G
DOCK8,rs10970611,Build 37,329462,C or T,C / C
DOCK8,rs117892380,Build 37,330745,A or G,A / A
DOCK8,rs10813766,Build 37,331490,G or T,G / G
DOCK8,rs147287319,Build 37,334292,A or G,G / G
DOCK8,rs7854418,Build 37,335545,A or G,A / G
DOCK8,rs4741814,Build 37,336186,A or G,A / G
DOCK8,rs151221642,Build 37,337669,A or G,A / A
DOCK8,rs79724766,Build 37,340662,A or G,G / G
DOCK8,rs7042540,Build 37,343859,C or T,C / T
DOCK8,rs4741823,Build 37,344229,C or T,C / T
DOCK8,rs75177501,Build 37,344375,G or T,G / G
DOCK8,rs13294454,Build 37,344535,A or G,A / G
DOCK8,rs7873573,Build 37,344690,C or T,T / T
DOCK8,rs117608810,Build 37,344711,A or G,G / G
DOCK8,rs7869892,Build 37,344760,A or G,A / A
DOCK8,rs7028453,Build 37,345314,A or G,A / A
DOCK8,rs7028459,Build 37,345333,A or G,A / A
DOCK8,rs7855377,Build 37,349518,A or C,A / C
DOCK8,rs1410219,Build 37,351558,A or G,A / G
DOCK8,rs1887528,Build 37,354680,A or G,A / G
DOCK8,rs1887530,Build 37,355040,A or G,A / A
DOCK8,rs7470883,Build 37,355183,G or T,T / T
DOCK8,rs10972267,Build 37,359381,A or G,A / G
DOCK8,rs12335885,Build 37,359395,A or G,A / G
DOCK8,rs80164735,Build 37,362179,C or T,C / C
DOCK8,rs10972564,Build 37,367030,G or T,G / T
DOCK8,rs77053404,Build 37,367868,A or G,A / A
DOCK8,rs786205596,Build 37,368196,A or C,A / A
DOCK8,rs750871,Build 37,369323,A or G,A / G
DOCK8,rs189953367,Build 37,370255,C or G,C / C
DOCK8,rs79717237,Build 37,375079,C or T,T / T
DOCK8,rs77236790,Build 37,375393,A or C,A / A
DOCK8,rs10973014,Build 37,376538,G or T,G / T
DOCK8,rs10973100,Build 37,378267,A or G,G / G
DOCK8,rs10814465,Build 37,378673,A or G,A / G
DOCK8,rs66683293,Build 37,388202,C or T,C / T
DOCK8,rs148701736,Build 37,389516,G or T,T / T
DOCK8,rs1547216,Build 37,392785,A or G,A / G
DOCK8,rs10814731,Build 37,396380,A or G,G / G
DOCK8,rs16937932,Build 37,396836,C or T,C / C
DOCK8,rs140148619,Build 37,396881,A or G,A / A
DOCK8,rs12347075,Build 37,398146,C or T,T / T
DOCK8,rs62531872,Build 37,401408,A or G,G / G
DOCK8,rs4366131,Build 37,404349,A or C,C / C
DOCK8,rs34390308,Build 37,406999,C or T,C / C
DOCK8,rs4741868,Build 37,407290,A or G,A / G
DOCK8,rs188785617,Build 37,408533,A or C,C / C
intergenic,rs58313674,Build 37,2849420,A or G,A / A
intergenic,rs79972563,Build 37,2851566,A or G,A / A
intergenic,rs13300111,Build 37,2853103,C or T,C / T
intergenic,rs60826841,Build 37,2854963,A or G,A / A
intergenic,rs78709673,Build 37,2857723,A or G,A / A
intergenic,rs192699226,Build 37,2870779,C or T,C / C
intergenic,rs116226321,Build 37,2890151,C or T,T / T
intergenic,rs7037565,Build 37,2890451,C or T,C / T
intergenic,rs111916386,Build 37,2891077,A or G,G / G
intergenic,rs74571422,Build 37,2891210,C or T,C / C
ATP5PDP2,rs117220511,Build 37,2900253,C or T,T / T
intergenic,rs181126456,Build 37,2904655,C or T,T / T
intergenic,rs117658682,Build 37,2904661,A or G,G / G
intergenic,rs10968856,Build 37,2906983,A or G,A / A
intergenic,rs117448902,Build 37,2908172,C or T,C / C
intergenic,rs7021223,Build 37,2909883,A or C,A / A
intergenic,rs111251176,Build 37,2911765,A or G,G / G
intergenic,rs10968913,Build 37,2914812,C or T,C / T
intergenic,rs75200861,Build 37,2915538,G or T,G / G
intergenic,rs12341334,Build 37,2916452,C or T,C / T
intergenic,rs1501576,Build 37,2918656,C or T,C / C
intergenic,rs112865488,Build 37,2920008,A or C,A / A
intergenic,rs10968956,Build 37,2920531,A or G,A / A
intergenic,rs117134599,Build 37,2925056,G or T,G / G
intergenic,rs11506519,Build 37,2927402,C or T,not determined
intergenic,rs75633509,Build 37,2928361,A or G,G / G
intergenic,rs77079609,Build 37,2930813,A or G,G / G
intergenic,rs12345926,Build 37,2930875,C or T,C / C
intergenic,rs13292810,Build 37,2931341,A or G,A / A
intergenic,rs12348338,Build 37,2932407,A or C,A / A
intergenic,rs13285246,Build 37,2932710,C or T,C / C
intergenic,rs7858374,Build 37,2932813,A or G,G / G
intergenic,rs7875771,Build 37,2933001,C or T,T / T
intergenic,rs10156534,Build 37,2936864,A or G,G / G
intergenic,rs10813047,Build 37,2938632,A or G,A / A
intergenic,rs7025901,Build 37,2938757,A or G,A / A
intergenic,rs72694679,Build 37,2941867,G or T,G / G
intergenic,rs115262011,Build 37,2941902,A or G,G / G
CARM1P1,rs10813072,Build 37,2949336,A or G,A / A
CARM1P1,rs3913468,Build 37,2954622,G or T,T / T
CARM1P1,rs76170824,Build 37,2955937,C or T,C / C
CARM1P1,rs12555836,Build 37,2957179,A or G,A / A
CARM1P1,rs6476138,Build 37,2957875,A or G,G / G
CARM1P1,rs112411704,Build 37,2958367,A or G,A / A
CARM1P1,rs147011990,Build 37,2963102,C or T,C / C
CARM1P1,rs147883271,Build 37,2967219,G or T,T / T
CARM1P1,rs1393037,Build 37,2968451,A or G,G / G
CARM1P1,rs17713680,Build 37,2979998,C or T,T / T
CARM1P1,rs72696711,Build 37,2982600,C or T,C / C
CARM1P1,rs7044150,Build 37,2982931,C or T,T / T
CARM1P1,rs28578824,Build 37,2983217,A or G,A / A
CARM1P1,rs12686002,Build 37,2988962,C or T,C / C
CARM1P1,rs4740708,Build 37,2993975,C or T,T / T
CARM1P1,rs7041442,Build 37,2994084,C or T,T / T
CARM1P1,rs73385381,Build 37,3000848,C or T,T / T
CARM1P1,rs72696723,Build 37,3002135,C or T,T / T
CARM1P1,rs78611592,Build 37,3002187,A or G,G / G
CARM1P1,rs7031274,Build 37,3012276,A or G,A / G
CARM1P1,rs7032665,Build 37,3012506,C or T,T / T
CARM1P1,rs10813222,Build 37,3015465,A or G,A / A
CARM1P1,rs35285988,Build 37,3019284,C or T,C / C
CARM1P1,rs3847244,Build 37,3025368,C or T,T / T
CARM1P1,rs3904470,Build 37,3025892,A or G,A / G
CARM1P1,rs7033621,Build 37,3030814,A or G,A / G
CARM1P1,rs2376770,Build 37,3034077,C or T,C / T
CARM1P1,rs3904463,Build 37,3049080,G or T,G / T
intergenic,rs4404971,Build 37,3061937,G or T,G / T
intergenic,rs2327719,Build 37,3066302,G or T,G / T
intergenic,rs16913918,Build 37,3074359,A or G,A / A
intergenic,rs118028055,Build 37,3081731,C or T,C / C
intergenic,rs6476233,Build 37,3085371,A or G,A / A
intergenic,rs75334983,Build 37,3086140,A or G,G / G
intergenic,rs117028676,Build 37,3087154,C or T,C / C
intergenic,rs80251956,Build 37,3088377,A or G,G / G
intergenic,rs10813363,Build 37,3088774,A or G,G / G
intergenic,rs10969874,Build 37,3091208,C or T,C / T
intergenic,rs62533961,Build 37,3091768,C or T,T / T
intergenic,rs12377888,Build 37,3096561,C or T,C / C
intergenic,rs2078432,Build 37,3121992,A or G,G / G
intergenic,rs1412695,Build 37,3125843,C or T,C / C
intergenic,rs626533,Build 37,3126263,A or G,A / A
intergenic,rs2890503,Build 37,3128693,C or T,T / T
intergenic,rs55912803,Build 37,3130815,A or G,G / G
intergenic,rs142679349,Build 37,3131084,C or T,C / C
intergenic,rs117460378,Build 37,3134103,A or C,C / C
intergenic,rs118037609,Build 37,3137634,C or T,C / T
intergenic,rs10970271,Build 37,3138952,A or G,G / G
intergenic,rs55766119,Build 37,3153450,G or T,T / T
intergenic,rs6476290,Build 37,3158134,A or G,G / G
intergenic,rs7851417,Build 37,3165452,C or T,C / C
intergenic,rs4740713,Build 37,3166438,C or T,T / T
intergenic,rs7035793,Build 37,3173832,C or T,T / T
intergenic,rs10813628,Build 37,3176796,C or T,C / C
intergenic,rs116878541,Build 37,3178077,A or G,A / G
intergenic,rs10970477,Build 37,3178293,A or G,G / G
intergenic,rs116951342,Build 37,3180100,G or T,T / T
intergenic,rs72695102,Build 37,3180433,C or T,C / C
intergenic,rs10511444,Build 37,3180441,C or T,C / C
LINC01231,rs7875874,Build 37,3184967,G or T,G / G
LINC01231,rs73642614,Build 37,3189471,C or T,C / C
intergenic,rs6560830,Build 37,95229,C or T,C / T
intergenic,rs117205301,Build 37,95844,C or T,not determined
intergenic,rs10904505,Build 37,114308,C or T,not determined
IL9RP2,rs116874274,Build 37,131716,C or T,C / C
intergenic,rs76243118,Build 37,133243,A or G,G / G
intergenic,rs72651781,Build 37,134775,G or T,G / G
intergenic,rs10904561,Build 37,135656,G or T,G / T
intergenic,rs7917054,Build 37,135708,A or G,G / G
intergenic,rs77385351,Build 37,135801,C or T,C / C
intergenic,rs7906287,Build 37,135853,A or G,A / G
intergenic,rs140954734,Build 37,139119,A or G,A / A
intergenic,rs9419557,Build 37,148325,A or G,A / A
intergenic,rs79740966,Build 37,153437,C or T,T / T
intergenic,rs117048145,Build 37,158100,A or G,A / A
intergenic,rs2379050,Build 37,162271,A or G,G / G
intergenic,rs11815390,Build 37,162550,A or G,A / A
intergenic,rs72770962,Build 37,173835,A or G,G / G
intergenic,rs74557187,Build 37,174861,A or G,A / A
intergenic,rs9419422,Build 37,177393,C or T,T / T
intergenic,rs7089889,Build 37,178434,G or T,G / G
intergenic,rs75026868,Build 37,178499,C or T,C / C
ZMYND11,rs12146291,Build 37,188805,A or G,A / G
ZMYND11,rs74905017,Build 37,200239,A or G,G / G
ZMYND11,rs9329280,Build 37,205071,C or T,C / C
ZMYND11,rs139948777,Build 37,210203,C or T,C / C
ZMYND11,rs118018418,Build 37,211465,C or T,C / C
ZMYND11,rs71489232,Build 37,212902,A or G,G / G
ZMYND11,rs76405832,Build 37,220135,A or C,C / C
ZMYND11,i713590,Build 37,222670,A or G,A / A
ZMYND11,rs117956295,Build 37,224497,C or T,T / T
ZMYND11,rs77579379,Build 37,248687,A or G,A / A
ZMYND11,rs139393654,Build 37,252530,A or G,A / A
ZMYND11,rs61287571,Build 37,254992,G or T,G / G
ZMYND11,rs76060499,Build 37,255248,C or T,C / C
ZMYND11,rs77756617,Build 37,255319,A or G,not determined
ZMYND11,rs17157850,Build 37,278214,A or G,G / G
ZMYND11,rs79345333,Build 37,280312,A or G,A / A
ZMYND11,rs118088467,Build 37,281482,A or G,G / G
ZMYND11,rs17293364,Build 37,289850,A or G,G / G
ZMYND11,rs797044854,Build 37,298399,C or T,C / C
intergenic,rs72772812,Build 37,308813,C or T,C / C
intergenic,rs4880568,Build 37,313504,C or T,C / C
intergenic,rs10903806,Build 37,314421,A or G,G / G
intergenic,rs2018975,Build 37,317501,C or T,T / T
intergenic,rs75531032,Build 37,318011,C or T,C / C
intergenic,rs12246027,Build 37,318076,A or G,G / G
DIP2C,rs7916867,Build 37,322274,A or C,C / C
DIP2C,rs116902068,Build 37,328651,C or T,T / T
DIP2C,rs72772824,Build 37,330643,C or T,T / T
DIP2C,rs118099662,Build 37,330701,A or G,A / A
DIP2C,rs2288680,Build 37,332199,A or G,G / G
DIP2C,rs117796034,Build 37,334924,A or G,G / G
DIP2C,rs61837285,Build 37,336607,A or G,G / G
DIP2C,rs72772826,Build 37,340110,A or G,G / G
DIP2C,rs35610094,Build 37,351893,A or G,G / G
DIP2C,rs35198327,Build 37,354301,C or T,C / C
DIP2C,rs75219711,Build 37,359297,A or G,G / G
DIP2C,rs76511234,Build 37,370400,C or T,C / C
DIP2C,rs41288725,Build 37,370737,C or T,C / C
DIP2C,rs113653283,Build 37,374748,A or C,A / A
DIP2C,rs117311264,Build 37,385140,A or G,G / G
DIP2C,rs79800875,Build 37,386473,C or T,T / T
DIP2C,rs12243453,Build 37,387404,A or G,G / G
DIP2C,rs4881153,Build 37,390318,A or G,A / A
DIP2C,rs80229123,Build 37,396239,C or T,not determined
DIP2C,rs74500813,Build 37,397754,A or G,G / G
DIP2C,rs77480990,Build 37,405647,C or T,C / C
DIP2C,rs78424440,Build 37,406229,A or G,G / G
DIP2C,rs138357860,Build 37,410386,C or T,C / C
DIP2C,rs192980741,Build 37,410426,C or T,C / C
DIP2C,rs188555552,Build 37,410501,C or T,C / C
DIP2C,rs779890829,Build 37,412274,— or CA,CA / CA
DIP2C,rs12776623,Build 37,415242,C or T,C / C
DIP2C,rs72772853,Build 37,420172,A or G,G / G
DIP2C,rs116924153,Build 37,421075,C or T,T / T
DIP2C,rs74946488,Build 37,421964,C or T,C / C
DIP2C,rs117243340,Build 37,423524,A or G,G / G
DIP2C,rs61836785,Build 37,424301,A or G,A / A
DIP2C,rs116934662,Build 37,424403,A or G,not determined
DIP2C,rs72772859,Build 37,430105,A or G,A / A
DIP2C,rs184887013,Build 37,430863,A or G,not determined
DIP2C,rs10904086,Build 37,431161,C or T,T / T
DIP2C,rs117704764,Build 37,431871,G or T,G / G
DIP2C,rs4881213,Build 37,431970,C or T,T / T
DIP2C,rs12572806,Build 37,434314,C or T,C / C
DIP2C,rs118129136,Build 37,443721,A or G,G / G
DIP2C,rs148056161,Build 37,450381,A or C,C / C
DIP2C,rs61837160,Build 37,450896,C or T,T / T
DIP2C,rs76320670,Build 37,452000,A or G,G / G
DIP2C,rs4881254,Build 37,453567,C or T,T / T
DIP2C,rs149377401,Build 37,458531,A or C,A / A
DIP2C,rs117561480,Build 37,458990,C or T,T / T
DIP2C,rs182372134,Build 37,460142,C or T,T / T
DIP2C,rs76964109,Build 37,462893,A or G,G / G
DIP2C,rs12779160,Build 37,463488,A or G,A / G
DIP2C,rs11252313,Build 37,464904,A or G,G / G
DIP2C,rs72772882,Build 37,466473,A or G,G / G
DIP2C,rs12769223,Build 37,471627,A or G,G / G
DIP2C,rs117820643,Build 37,480161,A or G,G / G
DIP2C,rs76529045,Build 37,494580,C or T,not determined
PITRM1,rs78634532,Build 37,3209412,A or C,C / C
intergenic,rs9423506,Build 37,3218457,C or T,C / T
intergenic,rs79703646,Build 37,3224349,G or T,T / T
intergenic,rs7082064,Build 37,3226474,A or G,A / G
intergenic,rs17131865,Build 37,3230337,C or T,C / C
intergenic,rs61829264,Build 37,3230436,A or G,G / G
intergenic,rs75036494,Build 37,3230568,A or G,G / G
intergenic,rs75038364,Build 37,3237154,A or G,G / G
intergenic,rs4293040,Build 37,3239121,C or T,C / C
intergenic,rs10751916,Build 37,3245862,G or T,G / G
intergenic,i713609,Build 37,3247664,C or T,not determined
intergenic,rs34610660,Build 37,3251297,A or G,G / G
intergenic,rs115130901,Build 37,3256369,A or G,A / A
intergenic,rs2477765,Build 37,3260462,A or G,A / A
intergenic,rs12098780,Build 37,3264432,C or T,C / C
intergenic,rs7088720,Build 37,3264809,C or T,C / C
intergenic,rs2246667,Build 37,3268286,G or T,G / T
intergenic,rs17288941,Build 37,3271492,A or G,G / G
intergenic,rs10795014,Build 37,3274756,C or T,C / T
intergenic,rs3814601,Build 37,3281446,C or T,C / C
intergenic,rs10903997,Build 37,3282199,C or T,C / T
intergenic,rs2764980,Build 37,3284007,A or G,A / A
intergenic,rs75395019,Build 37,3285163,A or G,G / G
intergenic,rs72763718,Build 37,3285354,A or C,C / C
intergenic,rs2764986,Build 37,3286815,A or G,G / G
intergenic,rs10508250,Build 37,3290142,C or T,C / C
intergenic,rs4881129,Build 37,3293719,A or G,A / A
intergenic,rs79376853,Build 37,3300346,A or G,G / G
intergenic,rs78042953,Build 37,3302297,C or T,C / C
intergenic,rs12768093,Build 37,3305562,C or T,T / T
intergenic,rs2296464,Build 37,3309624,C or T,C / C
intergenic,rs55963562,Build 37,3310247,C or T,C / C
intergenic,rs11251815,Build 37,3310510,A or G,A / G
intergenic,rs871815,Build 37,3311700,A or G,A / G
intergenic,rs871816,Build 37,3311945,A or G,G / G
intergenic,rs2147939,Build 37,3322307,A or C,A / C
intergenic,rs117800556,Build 37,3322625,A or C,A / A
intergenic,rs10904012,Build 37,3326652,C or T,T / T
intergenic,rs59213567,Build 37,3326832,A or G,G / G
intergenic,rs11251833,Build 37,3327192,C or T,C / C
intergenic,rs17135001,Build 37,3327931,A or C,C / C
intergenic,rs58633702,Build 37,3328387,C or T,not determined
intergenic,rs78298216,Build 37,3328846,C or T,C / T
intergenic,rs7070200,Build 37,3330587,C or T,C / T
intergenic,rs728938,Build 37,3330983,A or G,G / G
intergenic,rs72763768,Build 37,3332021,A or G,G / G
intergenic,rs11251834,Build 37,3332438,A or G,A / A
intergenic,rs12766986,Build 37,3335061,C or T,C / T
intergenic,rs72763772,Build 37,3338390,A or G,G / G
intergenic,rs77237584,Build 37,3340557,A or G,A / A
intergenic,rs4881147,Build 37,3342774,C or T,T / T
intergenic,rs79974779,Build 37,3343387,C or T,C / C
intergenic,rs502397,Build 37,3347548,C or T,T / T
intergenic,rs188800948,Build 37,3353408,A or C,C / C
LOC105376360,rs737533,Build 37,3363137,A or G,G / G
LOC105376360,rs1807437,Build 37,3363208,C or T,C / C
LOC105376360,rs77771913,Build 37,3366193,A or G,A / A
LOC105376360,rs735155,Build 37,3374178,C or T,C / C
LOC105376360,rs149284332,Build 37,3376999,G or T,G / G
LOC105376360,rs76257629,Build 37,3382717,A or G,G / G
LOC105376360,rs117851683,Build 37,3384865,G or T,G / G
LOC105376360,rs7903644,Build 37,3387978,C or T,T / T
LOC105376360,rs7069744,Build 37,3390506,C or T,T / T
LOC105376360,rs67713240,Build 37,3390657,A or G,A / A
LOC105376360,rs7099623,Build 37,3390704,A or G,A / G
LOC105376360,rs7893931,Build 37,3396130,A or G,G / G
LOC105376360,rs11251861,Build 37,3397728,G or T,T / T
LOC105376360,rs4271299,Build 37,3400516,A or G,A / A
LOC105376360,rs117025592,Build 37,3401135,A or G,G / G
LOC105376360,rs79676722,Build 37,3405753,C or T,C / C
LOC105376360,rs35019229,Build 37,3406297,A or G,A / A
LOC105376360,rs7090790,Build 37,3416737,A or G,A / A
LOC105376360,rs117335323,Build 37,3420688,A or G,G / G
LOC105376360,rs12763688,Build 37,3439835,C or T,C / C
LOC105376360,rs10508255,Build 37,3444851,A or G,A / G
LOC105376360,rs112415264,Build 37,3447062,A or G,G / G
LOC105376360,rs10795033,Build 37,3447072,C or T,C / T
LOC105376360,rs74113155,Build 37,3449352,A or G,G / G
LOC105376360,rs189700851,Build 37,3451922,C or T,C / C
LOC105376360,rs7901480,Build 37,3457288,C or T,T / T
LOC105376360,rs10795039,Build 37,3458563,A or G,G / G
LOC105376360,rs35137867,Build 37,3462961,A or G,A / A
LOC105376360,rs11251882,Build 37,3464640,A or G,G / G
LOC105376360,rs117054990,Build 37,3478156,A or G,G / G
LOC105376360,rs7084941,Build 37,3482498,A or G,A / A
LOC105376360,rs73586720,Build 37,3493497,C or T,C / T
LOC105376360,i713615,Build 37,3501003,A or C,not determined
LOC105376360,rs78308798,Build 37,3502673,C or T,C / C
LOC105376360,rs79870844,Build 37,3504163,C or T,C / T
LOC105376360,rs1964428,Build 37,3505030,A or G,A / A
LOC105376360,rs2053889,Build 37,3509300,G or T,G / T
LOC105376360,rs77106916,Build 37,3510461,C or T,C / C
LOC105376360,rs2165468,Build 37,3516105,A or C,C / C
LOC105376360,rs483881,Build 37,3520151,A or G,A / G
LOC105376360,rs117365992,Build 37,3521316,C or T,C / C
LOC105376360,rs10904048,Build 37,3523872,C or T,C / T
LOC105376360,rs11251912,Build 37,3524449,A or G,G / G
LOC105376360,rs10904049,Build 37,3525645,A or G,A / G
LOC105376360,rs17135292,Build 37,3526096,A or G,G / G
LOC105376360,rs7099538,Build 37,3527900,A or G,A / A
LINC01001,i713839,Build 37,128623,A or G,A / A
intergenic,rs2354750,Build 37,190567,G or T,not determined
ODF3,rs139267404,Build 37,198063,— or T,T / T
ODF3,rs4980320,Build 37,198986,C or T,C / C
ODF3,rs4029235,Build 37,199673,C or T,C / C
intergenic,rs59958645,Build 37,200948,A or G,G / G
intergenic,rs118038902,Build 37,201172,C or T,T / T
BET1L,rs2280543,Build 37,203788,C or T,C / C
BET1L,rs11245997,Build 37,204680,A or G,G / G
BET1L,rs118044069,Build 37,205185,A or G,G / G
BET1L,rs3782123,Build 37,205198,A or C,C / C
BET1L,rs7930823,Build 37,206767,A or G,G / G
RIC8A,rs2293168,Build 37,211482,C or T,C / C
RIC8A,rs75256197,Build 37,211841,C or T,T / T
RIC8A,rs12574034,Build 37,212262,C or T,T / T
RIC8A,rs76117329,Build 37,212839,C or T,C / C
RIC8A,rs10081,Build 37,214544,C or T,C / C
SIRT3,rs181924090,Build 37,218874,C or G,C / C
SIRT3,rs538053,Build 37,219967,G or T,T / T
SIRT3,rs11246007,Build 37,221584,C or T,T / T
SIRT3,rs3782118,Build 37,222620,C or T,C / C
SIRT3,rs12576565,Build 37,228012,C or T,C / C
SIRT3,rs7104764,Build 37,229977,A or G,A / A
SIRT3,rs367869057,Build 37,230074,A or G,G / G
SIRT3,rs536715,Build 37,230368,C or T,C / C
SIRT3,rs28365927,Build 37,236091,A or G,A / A
PSMD13,rs77602947,Build 37,241523,C or T,C / C
"PSMD13 , LOC100420679",rs505404,Build 37,243268,G or T,T / T
PSMD13,rs17156013,Build 37,243817,C or T,T / T
PSMD13,rs28927679,Build 37,247329,C or T,C / C
PSMD13,rs1205823,Build 37,249536,C or T,T / T
PSMD13,rs6540,Build 37,252649,A or G,G / G
COX8BP,rs6598054,Build 37,254010,C or T,C / C
intergenic,rs474787,Build 37,258397,C or T,C / C
intergenic,rs7118215,Build 37,259229,C or T,T / T
intergenic,rs78066700,Build 37,266622,C or T,T / T
intergenic,rs7948797,Build 37,269856,C or T,C / C
intergenic,rs17156153,Build 37,270514,C or T,C / C
intergenic,rs60442281,Build 37,270548,C or T,C / C
intergenic,rs17655730,Build 37,270715,C or T,T / T
intergenic,rs7102570,Build 37,273153,A or G,A / A
intergenic,rs10794306,Build 37,273808,G or T,G / G
intergenic,rs7124132,Build 37,274799,C or T,T / T
intergenic,rs79248624,Build 37,278126,A or G,G / G
NLRP6,rs143978016,Build 37,281073,C or T,C / C
NLRP6,rs201891372,Build 37,284636,C or T,C / C
intergenic,rs3817637,Build 37,285920,C or T,C / T
intergenic,rs1474480,Build 37,285936,A or G,G / G
intergenic,rs7116383,Build 37,287070,A or G,A / G
PGGHG,rs3809107,Build 37,290158,C or T,C / C
PGGHG,rs3809109,Build 37,290233,A or G,A / A
PGGHG,rs3809110,Build 37,290494,C or T,C / C
PGGHG,rs183604938,Build 37,292756,C or T,T / T
PGGHG,rs11246056,Build 37,292805,A or G,G / G
intergenic,rs12363841,Build 37,296682,A or G,A / A
IFITM5,rs2293743,Build 37,298224,C or T,C / C
IFITM5,rs141240817,Build 37,298622,A or G,G / G
IFITM5,rs117751519,Build 37,298920,A or G,A / A
IFITM5,rs192508891,Build 37,299334,C or T,C / C
intergenic,rs7102856,Build 37,303148,A or G,G / G
IFITM2,rs10398,Build 37,308180,A or G,A / A
IFITM2,rs1059091,Build 37,309127,A or G,G / G
intergenic,rs77537847,Build 37,312251,A or G,G / G
intergenic,rs72867737,Build 37,312929,C or T,not determined
intergenic,rs9666182,Build 37,317098,A or C,A / A
intergenic,rs10794308,Build 37,324163,C or T,C / C
intergenic,rs7944917,Build 37,325800,C or T,C / C
intergenic,rs11246068,Build 37,327334,C or T,C / T
intergenic,rs7395319,Build 37,331326,C or T,T / T
intergenic,rs73398544,Build 37,335795,A or G,G / G
intergenic,rs61876259,Build 37,335885,G or T,G / T
intergenic,rs12790303,Build 37,336085,A or C,C / C
intergenic,rs9737503,Build 37,336744,C or T,C / C
intergenic,rs149610895,Build 37,339033,G or T,T / T
intergenic,rs6421982,Build 37,339943,C or T,not determined
intergenic,rs6598036,Build 37,342860,C or T,C / C
intergenic,rs117456788,Build 37,343819,C or T,T / T
intergenic,rs11246089,Build 37,344351,A or G,A / A
intergenic,rs11246094,Build 37,345515,A or G,A / G
intergenic,rs6598035,Build 37,345595,A or G,A / A
intergenic,rs11246109,Build 37,351053,A or C,A / C
intergenic,rs11246115,Build 37,353440,A or G,A / G
intergenic,rs11246117,Build 37,353630,A or G,G / G
intergenic,rs7947784,Build 37,353757,C or T,C / T
intergenic,i713902,Build 37,358284,A or C,C / C
intergenic,rs7105244,Build 37,358704,C or T,C / C
intergenic,rs77721856,Build 37,360871,A or G,G / G
intergenic,rs7483531,Build 37,361304,A or G,A / G
intergenic,rs11246126,Build 37,362668,A or G,A / G
intergenic,rs10902140,Build 37,365161,C or T,C / T
intergenic,rs11246130,Build 37,365636,C or T,C / T
intergenic,rs7394810,Build 37,366710,A or G,A / G
B4GALNT4,rs34063493,Build 37,372157,C or T,C / C
B4GALNT4,rs7396812,Build 37,373404,A or G,G / G
B4GALNT4,rs199586034,Build 37,373516,A or G,G / G
B4GALNT4,rs7481525,Build 37,378188,C or T,T / T
B4GALNT4,rs11600675,Build 37,378241,C or T,T / T
B4GALNT4,rs113122638,Build 37,378658,A or G,G / G
B4GALNT4,rs117291242,Build 37,380315,C or T,C / C
intergenic,rs141936079,Build 37,384021,C or T,C / C
SLC22A18AS,rs74840067,Build 37,2920764,A or G,G / G
"SLC22A18AS , SLC22A18",rs367035,Build 37,2923826,A or G,A / G
"SLC22A18AS , SLC22A18",rs146413382,Build 37,2924640,A or G,G / G
SLC22A18,rs143044180,Build 37,2929502,G or T,G / G
SLC22A18,rs429886,Build 37,2929552,A or G,A / G
SLC22A18,rs558203402,Build 37,2930935,— or G,G / G
SLC22A18,rs76153913,Build 37,2936322,A or G,G / G
SLC22A18,rs11024558,Build 37,2936366,G or T,T / T
SLC22A18,rs450876,Build 37,2936434,A or G,G / G
SLC22A18,rs141165353,Build 37,2943393,A or G,G / G
SLC22A18,rs141445711,Build 37,2946317,C or T,C / C
intergenic,rs117052746,Build 37,2948467,A or G,G / G
intergenic,rs11024673,Build 37,2963021,C or T,C / C
intergenic,rs117910548,Build 37,2963225,A or G,G / G
intergenic,rs56361961,Build 37,2963823,A or G,G / G
NAP1L4,rs118092312,Build 37,2972899,A or G,G / G
NAP1L4,rs148164632,Build 37,2973597,C or T,C / C
NAP1L4,rs10766497,Build 37,2987303,A or G,A / G
NAP1L4,rs12276086,Build 37,2987785,A or G,G / G
NAP1L4,rs16928945,Build 37,2992160,A or C,A / A
NAP1L4,rs72850051,Build 37,2992982,C or T,C / C
NAP1L4,rs4758619,Build 37,2996114,C or T,T / T
NAP1L4,rs11024843,Build 37,2999919,A or G,G / G
NAP1L4,rs79795377,Build 37,3003662,C or T,T / T
intergenic,rs117906999,Build 37,3016426,A or C,A / A
intergenic,rs4758624,Build 37,3019130,A or G,A / G
intergenic,rs10219272,Build 37,3020789,A or G,A / G
CARS1,rs78636976,Build 37,3022750,A or C,C / C
CARS1,rs2239899,Build 37,3024624,A or G,A / G
CARS1,rs7481584,Build 37,3029089,A or G,G / G
CARS1,rs6578314,Build 37,3036678,C or T,T / T
CARS1,rs118087848,Build 37,3058974,C or T,C / T
CARS1,rs12796489,Build 37,3059360,A or C,C / C
CARS1,rs116487956,Build 37,3063318,A or G,G / G
CARS1,rs116959933,Build 37,3067755,G or T,T / T
CARS1,rs3816350,Build 37,3073379,C or T,T / T
intergenic,rs384490,Build 37,3078885,G or T,G / T
intergenic,rs11605896,Build 37,3095037,A or G,A / G
intergenic,rs4523675,Build 37,3096555,C or T,C / C
intergenic,rs72844043,Build 37,3098933,A or G,A / G
intergenic,rs4758517,Build 37,3105508,C or T,C / T
intergenic,rs117878540,Build 37,3105954,C or T,T / T
OSBPL5,rs1053746,Build 37,3108685,A or G,G / G
OSBPL5,rs16929108,Build 37,3110701,A or G,G / G
OSBPL5,rs895564,Build 37,3110956,C or T,T / T
OSBPL5,rs4758519,Build 37,3116073,A or G,A / G
OSBPL5,rs4758524,Build 37,3118991,C or T,T / T
OSBPL5,rs1542188,Build 37,3124435,A or G,G / G
OSBPL5,rs77177481,Build 37,3126814,G or T,G / G
OSBPL5,rs7924972,Build 37,3131374,A or G,G / G
OSBPL5,rs7925089,Build 37,3131418,G or T,G / G
OSBPL5,rs4758528,Build 37,3140196,C or T,T / T
OSBPL5,rs4758529,Build 37,3141109,C or T,C / T
OSBPL5,rs34183743,Build 37,3141734,C or T,C / C
OSBPL5,rs34950527,Build 37,3141744,C or T,C / C
OSBPL5,rs111710554,Build 37,3145300,A or G,G / G
OSBPL5,rs74849641,Build 37,3147470,A or G,G / G
OSBPL5,rs78675125,Build 37,3148619,A or G,G / G
OSBPL5,rs1466045,Build 37,3149397,A or G,A / G
OSBPL5,rs2277300,Build 37,3150391,C or T,C / T
OSBPL5,rs4758534,Build 37,3151639,A or G,A / G
OSBPL5,rs113153611,Build 37,3157689,A or G,A / A
OSBPL5,rs1562353,Build 37,3163653,A or G,A / G
OSBPL5,rs4758470,Build 37,3164791,A or G,A / A
OSBPL5,rs79114999,Build 37,3164879,C or T,C / C
OSBPL5,rs188196075,Build 37,3166320,C or T,C / C
OSBPL5,rs11605446,Build 37,3169388,A or G,G / G
OSBPL5,rs10466385,Build 37,3170174,C or T,C / T
OSBPL5,rs6578324,Build 37,3173778,A or G,A / G
OSBPL5,rs11025649,Build 37,3175371,A or G,A / A
OSBPL5,rs7928630,Build 37,3179460,C or T,T / T
OSBPL5,rs118031398,Build 37,3179677,C or T,T / T
OSBPL5,rs4237786,Build 37,3181085,A or C,C / C
OSBPL5,rs2078239,Build 37,3184694,C or T,C / T
intergenic,rs74362294,Build 37,3189410,A or G,G / G
intergenic,rs11025755,Build 37,3192362,A or G,G / G
intergenic,rs112976395,Build 37,3193832,A or C,A / A
intergenic,rs79788546,Build 37,3197549,G or T,G / T
intergenic,rs55706709,Build 37,3199373,A or G,A / A
intergenic,rs2412143,Build 37,3199846,A or C,C / C
intergenic,rs16929180,Build 37,3202576,C or T,C / T
intergenic,rs7103638,Build 37,3205005,A or G,A / G
intergenic,rs2121438,Build 37,3208101,C or T,C / C
intergenic,rs11025844,Build 37,3212259,A or G,A / G
intergenic,rs7950446,Build 37,3213147,A or G,G / G
intergenic,rs72848224,Build 37,3213148,C or T,T / T
intergenic,rs11025871,Build 37,3213948,G or T,G / T
intergenic,rs72848225,Build 37,3215102,C or T,T / T
intergenic,rs6578326,Build 37,3215305,A or G,G / G
intergenic,rs7930392,Build 37,3215318,A or G,A / G
intergenic,rs115939763,Build 37,3217274,C or T,C / C
intergenic,rs4758480,Build 37,3218709,G or T,G / T
intergenic,rs4758481,Build 37,3218934,C or T,C / C
intergenic,rs75662570,Build 37,3219948,A or G,G / G
intergenic,rs7106188,Build 37,3220148,A or G,A / A
intergenic,rs7107600,Build 37,3220542,C or T,not determined
intergenic,rs4758482,Build 37,3221990,A or G,G / G
intergenic,rs11602440,Build 37,3222049,C or T,C / C
intergenic,rs11025909,Build 37,3223297,A or C,C / C
intergenic,rs10833462,Build 37,3226221,A or G,G / G
FAM138D,i714193,Build 37,68276,C or T,not determined
IQSEC3,rs17852242,Build 37,176139,A or T,A / A
IQSEC3,rs79664699,Build 37,190980,A or G,A / A
IQSEC3,rs11063263,Build 37,191619,A or G,A / A
IQSEC3,rs11836410,Build 37,191812,A or G,G / G
IQSEC3,rs77645327,Build 37,193311,A or G,G / G
IQSEC3,rs7295403,Build 37,193920,C or T,T / T
IQSEC3,rs73032196,Build 37,196905,A or G,G / G
IQSEC3,rs77989723,Build 37,197134,A or C,C / C
IQSEC3,rs7975313,Build 37,197841,C or T,T / T
IQSEC3,rs74991000,Build 37,199049,A or G,A / A
IQSEC3,rs113074186,Build 37,203692,A or G,G / G
IQSEC3,rs116864818,Build 37,206981,A or G,G / G
IQSEC3,rs75500757,Build 37,207033,C or T,C / C
IQSEC3,rs55798052,Build 37,207691,G or T,G / G
IQSEC3,rs883813,Build 37,207857,A or G,G / G
IQSEC3,rs904665,Build 37,208784,C or T,T / T
IQSEC3,rs61908610,Build 37,210437,C or T,C / C
IQSEC3,rs80094648,Build 37,213998,A or G,G / G
IQSEC3,rs117214385,Build 37,216939,G or T,T / T
IQSEC3,rs75061047,Build 37,217616,A or G,G / G
IQSEC3,rs2011738,Build 37,219988,A or G,A / A
IQSEC3,rs7135126,Build 37,221203,A or G,A / A
IQSEC3,rs77874902,Build 37,222812,C or T,C / C
IQSEC3,rs1500105,Build 37,223193,C or T,C / T
IQSEC3,rs10849566,Build 37,224911,C or T,C / T
IQSEC3,rs11064563,Build 37,225916,A or G,G / G
IQSEC3,rs59530692,Build 37,229541,A or G,A / A
IQSEC3,rs1532609,Build 37,232123,C or T,C / T
IQSEC3,rs112969650,Build 37,234547,C or T,C / C
IQSEC3,rs11064599,Build 37,235962,A or G,A / G
IQSEC3,rs12581847,Build 37,236115,C or T,T / T
IQSEC3,rs59167237,Build 37,237186,C or T,C / C
IQSEC3,rs10744731,Build 37,237521,A or G,A / G
IQSEC3,rs116990441,Build 37,240382,A or G,G / G
IQSEC3,rs76520265,Build 37,241857,A or G,G / G
IQSEC3,rs55881607,Build 37,243196,C or T,C / T
IQSEC3,rs4980981,Build 37,244527,A or G,A / A
IQSEC3,rs77066918,Build 37,244627,A or G,G / G
"IQSEC3 , LOC574538",rs55923022,Build 37,248155,C or T,C / C
"IQSEC3 , LOC574538",rs2270799,Build 37,257695,G or T,G / T
"IQSEC3 , LOC574538",rs2270797,Build 37,257987,C or T,C / C
IQSEC3,rs3888295,Build 37,259205,A or G,G / G
IQSEC3,rs2368785,Build 37,260682,C or T,T / T
IQSEC3,rs2368783,Build 37,263954,C or T,C / C
IQSEC3,rs7955954,Build 37,264136,C or T,T / T
IQSEC3,rs76755166,Build 37,267237,A or G,G / G
IQSEC3,rs73036183,Build 37,267541,A or G,G / G
IQSEC3,rs12423787,Build 37,268155,C or T,C / C
IQSEC3,rs11061683,Build 37,269951,C or T,T / T
IQSEC3,rs10848455,Build 37,270229,A or G,A / A
IQSEC3,rs10773936,Build 37,270682,C or T,T / T
IQSEC3,rs6489278,Build 37,271806,C or T,C / C
IQSEC3,rs78447789,Build 37,272099,A or G,A / A
IQSEC3,rs112278203,Build 37,278127,C or T,T / T
IQSEC3,rs10744538,Build 37,279586,C or T,C / C
IQSEC3,rs7960096,Build 37,285027,A or C,C / C
IQSEC3,rs111584115,Build 37,286829,C or T,C / C
intergenic,rs478455,Build 37,295546,A or G,A / A
intergenic,rs78840976,Build 37,296223,C or T,C / C
SLC6A12,rs765452457,Build 37,302500,G or T,G / G
SLC6A12,rs115564225,Build 37,302885,A or G,A / A
SLC6A12,rs2284329,Build 37,303320,G or T,T / T
SLC6A12,rs149207141,Build 37,305369,C or T,C / C
SLC6A12,rs61907109,Build 37,306549,C or T,C / C
SLC6A12,rs79826659,Build 37,308726,A or G,G / G
SLC6A12,rs216241,Build 37,309573,A or C,C / C
SLC6A12,rs7967868,Build 37,309753,C or T,C / T
SLC6A12,rs143648821,Build 37,309921,C or T,T / T
SLC6A12,rs216244,Build 37,310334,G or T,T / T
SLC6A12,rs216249,Build 37,311816,C or T,T / T
"SLC6A12 , LOC101929384",rs12367240,Build 37,313572,C or T,T / T
SLC6A12,rs149983749,Build 37,314741,A or C,C / C
SLC6A12,rs76781663,Build 37,317576,C or T,C / C
SLC6A12,rs55679060,Build 37,320449,C or T,C / T
intergenic,rs55922855,Build 37,324108,G or T,G / G
intergenic,rs80348940,Build 37,326778,A or C,A / A
intergenic,rs76459929,Build 37,327326,A or G,A / A
SLC6A13,rs139777154,Build 37,331789,C or T,C / C
SLC6A13,rs73038076,Build 37,332190,A or G,A / G
SLC6A13,rs202217743,Build 37,332337,C or T,C / C
SLC6A13,rs142399658,Build 37,332529,A or G,A / A
SLC6A13,rs182480724,Build 37,333184,G or T,G / G
SLC6A13,rs145646067,Build 37,333225,C or T,C / C
SLC6A13,rs199634252,Build 37,333226,A or G,G / G
SLC6A13,rs201579126,Build 37,333238,A or G,G / G
SLC6A13,rs149299701,Build 37,333650,A or G,G / G
SLC6A13,rs143010356,Build 37,333652,A or G,G / G
SLC6A13,rs140655819,Build 37,335631,C or T,C / C
SLC6A13,rs555044,Build 37,335922,A or C,C / C
SLC6A13,rs476646,Build 37,337134,C or T,T / T
SLC6A13,rs117162711,Build 37,337758,A or C,C / C
SLC6A13,rs1446582,Build 37,339955,A or G,A / A
SLC6A13,rs488192,Build 37,341156,A or G,A / G
SLC6A13,rs140808969,Build 37,344326,A or G,G / G
SLC6A13,rs11613232,Build 37,348728,A or C,A / C
SLC6A13,rs10774021,Build 37,349298,C or T,T / T
SLC6A13,rs492540,Build 37,351043,A or C,C / C
SLC6A13,rs11613331,Build 37,351467,A or G,A / A
SLC6A13,rs117251283,Build 37,351684,A or G,G / G
TEAD4,rs7138776,Build 37,3073149,A or G,A / G
TEAD4,rs11614711,Build 37,3075173,C or T,C / T
TEAD4,i711357,Build 37,3076665,A or G,A / G
TEAD4,rs10128925,Build 37,3081620,C or T,C / C
TEAD4,rs4759437,Build 37,3083670,A or G,A / G
TEAD4,rs4766017,Build 37,3084341,A or C,A / C
TEAD4,rs145695703,Build 37,3085296,C or T,not determined
TEAD4,rs58820753,Build 37,3085526,C or T,C / T
TEAD4,rs74057732,Build 37,3086335,A or G,A / G
TEAD4,rs142474817,Build 37,3095362,C or T,C / C
TEAD4,rs10082968,Build 37,3099291,A or G,A / G
TEAD4,rs118108642,Build 37,3101848,A or G,G / G
TEAD4,rs74420126,Build 37,3106860,C or T,C / C
TEAD4,rs74054819,Build 37,3108803,C or T,T / T
TEAD4,rs3825366,Build 37,3109692,A or C,A / C
TEAD4,rs3825364,Build 37,3109873,C or T,C / T
TEAD4,rs885201,Build 37,3112378,G or T,T / T
TEAD4,rs118146357,Build 37,3112526,C or T,T / T
TEAD4,rs3825362,Build 37,3113124,A or G,A / A
TEAD4,rs11062457,Build 37,3119402,C or T,C / T
TEAD4,rs11831487,Build 37,3122306,C or T,C / T
TEAD4,rs4759432,Build 37,3124086,A or G,A / G
TEAD4,rs71583736,Build 37,3129932,C or T,C / C
TEAD4,rs4759380,Build 37,3130938,A or G,A / G
TEAD4,rs12579163,Build 37,3131528,C or T,C / C
TEAD4,rs7300221,Build 37,3131679,C or T,C / T
TEAD4,rs10774096,Build 37,3133327,A or G,not determined
TEAD4,rs75890828,Build 37,3141693,C or T,C / T
TEAD4,rs11835377,Build 37,3142946,A or C,C / C
TEAD4,rs7139125,Build 37,3148726,C or T,C / T
intergenic,rs11614503,Build 37,3155321,G or T,G / G
intergenic,rs148964538,Build 37,3161360,A or C,A / C
intergenic,rs12322530,Build 37,3163725,A or G,A / G
intergenic,rs117490574,Build 37,3165298,C or T,C / T
intergenic,rs2191207,Build 37,3167900,A or G,G / G
intergenic,rs1894797,Build 37,3170027,A or G,A / G
intergenic,rs55969819,Build 37,3176948,A or C,A / A
intergenic,rs79021823,Build 37,3185883,A or G,G / G
TSPAN9,rs10848784,Build 37,3188514,C or T,C / C
TSPAN9,rs10848786,Build 37,3190636,A or G,A / G
TSPAN9,rs375870711,Build 37,3198703,C or T,not determined
TSPAN9,rs1990327,Build 37,3199801,A or G,A / G
TSPAN9,rs12820322,Build 37,3200476,A or G,A / G
TSPAN9,rs933417,Build 37,3201360,A or G,A / G
TSPAN9,rs118169007,Build 37,3205851,A or C,A / A
TSPAN9,rs10744591,Build 37,3207758,C or T,C / C
TSPAN9,rs149946982,Build 37,3218078,C or T,T / T
TSPAN9,rs61916267,Build 37,3226657,C or T,C / T
TSPAN9,rs588513,Build 37,3231116,A or G,G / G
TSPAN9,rs117452006,Build 37,3233463,C or T,C / C
TSPAN9,rs111606063,Build 37,3236490,C or T,C / C
TSPAN9,rs11062521,Build 37,3241855,C or T,C / C
TSPAN9,rs515245,Build 37,3248012,A or G,A / G
TSPAN9,rs10848812,Build 37,3254410,C or T,C / C
TSPAN9,rs79328962,Build 37,3254960,G or T,G / T
TSPAN9,rs7133793,Build 37,3255362,A or G,A / A
TSPAN9,rs7965462,Build 37,3255975,A or G,A / A
TSPAN9,rs11062533,Build 37,3260546,A or G,G / G
TSPAN9,rs117231448,Build 37,3271378,C or T,C / C
TSPAN9,rs75569371,Build 37,3274255,A or G,G / G
TSPAN9,rs77203827,Build 37,3276566,A or G,A / A
TSPAN9,rs73051881,Build 37,3282577,A or G,G / G
TSPAN9,rs55822168,Build 37,3288630,C or T,T / T
TSPAN9,rs12302955,Build 37,3290605,C or T,C / T
TSPAN9,rs11062555,Build 37,3292146,A or G,A / G
TSPAN9,rs9788171,Build 37,3296087,C or T,T / T
TSPAN9,rs10744599,Build 37,3298699,C or T,T / T
TSPAN9,rs56902161,Build 37,3298990,C or T,C / C
TSPAN9,rs60515876,Build 37,3300986,A or G,A / G
TSPAN9,rs34512620,Build 37,3302946,C or T,C / C
TSPAN9,rs7969363,Build 37,3303085,C or T,C / C
TSPAN9,rs117527144,Build 37,3303278,C or T,T / T
TSPAN9,rs76237234,Build 37,3306455,C or T,C / C
TSPAN9,rs117638214,Build 37,3315111,C or T,T / T
TSPAN9,rs740771,Build 37,3318015,G or T,G / T
TSPAN9,rs117144468,Build 37,3318841,A or G,G / G
TSPAN9,rs7310021,Build 37,3321967,C or T,C / T
TSPAN9,rs117509499,Build 37,3325369,A or G,G / G
TSPAN9,rs10848825,Build 37,3325815,G or T,G / G
TSPAN9,rs12426678,Build 37,3327324,A or G,A / G
TSPAN9,rs10848828,Build 37,3327548,A or G,A / G
TSPAN9,rs10848829,Build 37,3327586,C or T,C / T
TSPAN9,rs17695829,Build 37,3329792,C or T,C / C
TSPAN9,rs11613449,Build 37,3331188,C or T,C / C
TSPAN9,rs73043523,Build 37,3331215,C or T,C / C
TSPAN9,rs41423644,Build 37,3332285,C or T,T / T
TSPAN9,rs3782810,Build 37,3339955,C or T,C / C
TSPAN9,rs6489446,Build 37,3340811,C or T,C / C
TSPAN9,rs75609718,Build 37,3340859,C or T,C / C
TSPAN9,rs138131620,Build 37,3343442,C or T,T / T
TSPAN9,rs3782805,Build 37,3345979,C or T,T / T
TSPAN9,rs7963488,Build 37,3347272,C or T,T / T
TSPAN9,rs3782803,Build 37,3348437,C or T,C / C
TSPAN9,rs117674776,Build 37,3351768,C or T,C / C
TSPAN9,rs117163050,Build 37,3352374,C or T,C / C
TSPAN9,rs588873,Build 37,3352667,C or T,C / C
TSPAN9,rs600223,Build 37,3352921,C or T,T / T
TSPAN9,rs633311,Build 37,3355745,C or T,C / C
TSPAN9,rs644409,Build 37,3355946,C or T,T / T
TSPAN9,rs645722,Build 37,3356234,C or T,T / T
intergenic,rs79573366,Build 37,19025153,C or T,not determined
intergenic,i714281,Build 37,19087025,A or G,A / A
intergenic,rs186509460,Build 37,19091021,A or C,C / C
intergenic,rs117564739,Build 37,19099713,C or T,C / C
intergenic,rs9554328,Build 37,19119613,A or G,G / G
intergenic,rs138871176,Build 37,19121958,A or C,C / C
intergenic,rs140740105,Build 37,19155299,C or T,C / C
intergenic,rs184473257,Build 37,19160641,A or G,A / A
intergenic,rs114955017,Build 37,19168996,A or C,C / C
intergenic,rs183918733,Build 37,19172687,C or T,C / C
intergenic,i714282,Build 37,19202507,A or G,G / G
intergenic,rs138269098,Build 37,19207029,C or T,C / C
intergenic,rs3874198,Build 37,19234747,C or T,T / T
FEM1AP4,rs7982418,Build 37,19240775,A or G,G / G
intergenic,rs140673917,Build 37,19242470,A or G,G / G
intergenic,rs9506559,Build 37,19259939,C or T,C / C
intergenic,rs117985604,Build 37,19261434,A or C,A / A
intergenic,rs4113417,Build 37,19264139,C or T,T / T
intergenic,rs9552326,Build 37,19276747,A or G,G / G
intergenic,rs11618660,Build 37,19280540,C or T,C / T
intergenic,rs149798838,Build 37,19286811,C or T,T / T
intergenic,rs142192104,Build 37,19287768,A or G,G / G
ZNF965P,rs4121253,Build 37,19307875,C or T,C / T
ZNF965P,rs4304895,Build 37,19308282,A or G,not determined
intergenic,rs2880848,Build 37,19314519,A or G,G / G
intergenic,rs116542695,Build 37,19328656,A or G,A / A
intergenic,rs376929979,Build 37,19341907,C or T,not determined
intergenic,rs147069772,Build 37,19362609,A or G,A / A
intergenic,rs9580247,Build 37,19368047,A or G,not determined
intergenic,rs138474570,Build 37,19372696,A or C,A / A
intergenic,rs143595234,Build 37,19377432,A or C,A / A
intergenic,rs9552579,Build 37,19377679,G or T,T / T
intergenic,rs111963517,Build 37,19378163,G or T,T / T
LINC00328-2P,rs2343936,Build 37,19384088,C or T,not determined
ANKRD20A9P,rs9510182,Build 37,19418102,G or T,G / G
ANKRD20A9P,rs10507290,Build 37,19423079,C or T,T / T
ANKRD20A9P,rs2343925,Build 37,19426650,C or T,C / T
ANKRD20A9P,rs138174996,Build 37,19436438,C or T,C / C
ANKRD20A9P,rs1838126,Build 37,19444828,C or T,not determined
intergenic,rs1443350,Build 37,19450905,A or G,A / A
intergenic,rs2801745,Build 37,19451890,C or T,C / C
intergenic,rs9580443,Build 37,19457840,A or G,A / G
intergenic,rs9510385,Build 37,19460616,A or G,A / A
SNX19P2,rs143895962,Build 37,19467447,C or T,not determined
SNX19P2,rs112551525,Build 37,19469584,A or G,G / G
intergenic,rs7326158,Build 37,19472306,G or T,G / G
LINC00408,rs1838113,Build 37,19496504,C or T,C / T
intergenic,rs117685460,Build 37,19503422,G or T,G / G
intergenic,rs1334952,Build 37,19505180,A or G,A / A
intergenic,rs1556650,Build 37,19509431,C or T,C / T
intergenic,rs9550957,Build 37,19510241,A or C,C / C
intergenic,rs74547488,Build 37,19510349,C or T,T / T
intergenic,rs7984703,Build 37,19510429,A or G,A / A
intergenic,rs9510729,Build 37,19517420,G or T,G / G
intergenic,rs73169828,Build 37,19519651,C or T,C / C
PHF2P2,rs7987069,Build 37,19524950,A or G,A / G
PHF2P2,rs113988902,Build 37,19525105,C or T,C / C
PHF2P2,rs148701355,Build 37,19527440,C or T,C / C
PHF2P2,rs6490806,Build 37,19528570,A or G,A / G
PHF2P2,rs77972642,Build 37,19529548,A or C,C / C
PHF2P2,rs1978964,Build 37,19531484,C or T,C / C
PHF2P2,rs188457657,Build 37,19531918,C or T,T / T
PHF2P2,rs7325619,Build 37,19534703,C or T,C / T
PHF2P2,rs17078769,Build 37,19536632,C or T,C / C
intergenic,rs71433506,Build 37,19540816,G or T,T / T
intergenic,rs117585693,Build 37,19541337,C or T,C / C
intergenic,rs9507144,Build 37,19544297,A or G,G / G
intergenic,rs7336740,Build 37,19548896,A or C,C / C
intergenic,rs11619676,Build 37,19549142,C or T,C / C
intergenic,rs1413930,Build 37,19550429,C or T,C / C
intergenic,rs80274444,Build 37,19551681,A or G,G / G
intergenic,rs7999806,Build 37,19551913,C or T,C / T
intergenic,rs117825546,Build 37,19552402,A or G,G / G
intergenic,rs9510854,Build 37,19552473,A or C,A / A
intergenic,rs6490840,Build 37,19564715,G or T,G / T
intergenic,rs74528537,Build 37,19567398,C or T,C / C
intergenic,rs7317257,Build 37,19573146,C or T,C / T
intergenic,rs61945631,Build 37,19574697,A or C,C / C
intergenic,rs7990690,Build 37,19576380,A or G,G / G
intergenic,rs147882077,Build 37,19578511,A or G,G / G
LINC00442,rs1334954,Build 37,19584477,G or T,G / T
USP24P1,rs117476204,Build 37,19590149,C or T,T / T
USP24P1,rs9511103,Build 37,19592387,C or T,T / T
intergenic,rs7489433,Build 37,19594994,C or T,C / T
intergenic,rs12867871,Build 37,19596992,A or G,A / A
intergenic,rs9580899,Build 37,19597979,C or T,C / C
intergenic,rs11616995,Build 37,19634404,A or G,A / A
intergenic,rs7982924,Build 37,19636980,A or G,G / G
intergenic,rs75212090,Build 37,19643420,A or G,not determined
intergenic,rs9318719,Build 37,19644372,G or T,G / G
intergenic,rs7987160,Build 37,19644927,C or T,T / T
intergenic,rs117304346,Build 37,19647684,A or C,C / C
intergenic,rs74036514,Build 37,19649403,C or T,T / T
intergenic,rs80267695,Build 37,19650597,A or G,G / G
intergenic,rs73429882,Build 37,19659362,C or T,C / C
intergenic,rs7984141,Build 37,19660641,C or T,C / T
intergenic,rs9578792,Build 37,19662154,C or T,C / T
intergenic,rs4769387,Build 37,19666481,G or T,T / T
intergenic,rs17068084,Build 37,19668347,A or G,A / A
intergenic,rs9581207,Build 37,19669152,A or C,A / C
intergenic,rs73156572,Build 37,23320150,A or G,G / G
intergenic,rs3864963,Build 37,23322189,A or C,C / C
intergenic,rs12867151,Build 37,23322525,A or G,A / A
intergenic,rs3864964,Build 37,23323004,C or T,C / T
intergenic,rs9506914,Build 37,23324975,C or T,C / T
intergenic,rs55871467,Build 37,23331220,G or T,G / G
intergenic,rs114029278,Build 37,23333051,C or T,C / C
intergenic,rs111939387,Build 37,23333330,C or T,C / C
intergenic,rs138177588,Build 37,23336478,G or T,T / T
intergenic,rs17077561,Build 37,23337187,C or T,C / T
intergenic,rs75514246,Build 37,23339014,A or G,A / A
intergenic,rs17077620,Build 37,23341011,A or G,G / G
intergenic,rs9317196,Build 37,23341126,A or G,A / G
intergenic,rs9317199,Build 37,23343228,A or G,G / G
intergenic,rs74411186,Build 37,23344260,C or T,C / C
intergenic,rs4769221,Build 37,23344341,A or C,C / C
intergenic,rs12875434,Build 37,23345328,C or T,C / C
intergenic,rs113156111,Build 37,23349557,A or C,C / C
intergenic,rs12874212,Build 37,23350118,A or G,A / A
intergenic,rs9510329,Build 37,23353714,C or T,T / T
intergenic,rs9506920,Build 37,23353752,A or G,A / A
intergenic,rs7982898,Build 37,23357136,C or T,T / T
intergenic,rs17270526,Build 37,23361301,C or T,T / T
intergenic,rs10507317,Build 37,23363139,A or C,A / A
intergenic,rs3904323,Build 37,23368834,C or T,T / T
intergenic,rs1330918,Build 37,23373129,A or C,A / C
intergenic,rs7982420,Build 37,23378538,A or C,A / C
intergenic,rs2162248,Build 37,23380632,C or T,C / T
intergenic,rs79164028,Build 37,23387097,C or T,T / T
intergenic,rs2878395,Build 37,23390487,A or G,A / G
intergenic,rs9510354,Build 37,23395159,A or G,A / A
intergenic,rs80156768,Build 37,23395214,A or G,G / G
intergenic,rs1330919,Build 37,23396326,G or T,T / T
intergenic,rs117872235,Build 37,23398906,A or G,A / A
intergenic,rs117109171,Build 37,23404003,A or G,A / A
intergenic,rs9506943,Build 37,23413850,G or T,T / T
intergenic,rs9580448,Build 37,23416203,A or G,G / G
intergenic,rs9510377,Build 37,23418059,C or T,T / T
RFESDP1,rs116848548,Build 37,23424110,C or T,T / T
intergenic,rs117821575,Build 37,23438204,C or T,C / C
intergenic,rs7993559,Build 37,23443627,A or C,A / C
intergenic,rs1330913,Build 37,23447593,G or T,T / T
intergenic,rs117241184,Build 37,23449281,C or T,C / C
intergenic,rs9580458,Build 37,23449395,A or C,A / C
LINC00621,rs7325835,Build 37,23454112,C or T,C / C
LINC00621,rs61958790,Build 37,23462130,A or G,G / G
LINC00621,rs9510404,Build 37,23462530,A or G,A / G
LINC00621,rs116772765,Build 37,23464777,A or G,A / A
LINC00621,rs914069,Build 37,23467854,C or T,C / T
LINC00621,rs7339094,Build 37,23469566,A or G,A / A
LINC00621,rs7338283,Build 37,23470137,C or T,T / T
"LINC00621 , BASP1P1",rs1887258,Build 37,23471815,A or G,G / G
LINC00621,rs114748196,Build 37,23475636,A or C,C / C
LINC00621,rs9580464,Build 37,23476108,A or G,A / A
LINC00621,rs9510421,Build 37,23479112,A or C,C / C
LINC00621,rs1887263,Build 37,23483716,A or G,G / G
LINC00621,rs73161006,Build 37,23485248,C or T,T / T
intergenic,rs188700709,Build 37,23496702,A or G,G / G
intergenic,rs11618791,Build 37,23500297,A or G,G / G
intergenic,rs12584288,Build 37,23501576,A or C,C / C
intergenic,rs4770340,Build 37,23502042,C or T,C / T
intergenic,rs7333868,Build 37,23504097,A or G,G / G
intergenic,rs11841849,Build 37,23504791,C or T,C / C
intergenic,rs4770345,Build 37,23511625,A or G,G / G
intergenic,rs77363919,Build 37,23513880,C or T,C / T
intergenic,rs9671028,Build 37,23524030,C or T,C / C
intergenic,rs117669953,Build 37,23525957,C or T,T / T
intergenic,rs1926854,Build 37,23526039,C or T,T / T
intergenic,rs138955258,Build 37,23528984,A or G,A / A
intergenic,rs149484378,Build 37,23529338,C or T,T / T
intergenic,rs9510445,Build 37,23535168,A or C,A / C
intergenic,rs73434434,Build 37,23536745,A or C,A / C
intergenic,rs75731385,Build 37,23545996,A or G,not determined
intergenic,rs9552781,Build 37,23546238,C or T,C / C
intergenic,rs75631915,Build 37,23546454,A or C,C / C
intergenic,rs9580490,Build 37,23549148,A or C,C / C
intergenic,rs9580491,Build 37,23550723,A or G,G / G
intergenic,rs7986997,Build 37,23551919,A or C,A / A
intergenic,rs4238159,Build 37,23551941,C or T,C / C
intergenic,rs7991087,Build 37,23552568,A or G,A / A
intergenic,rs7336517,Build 37,23553971,C or T,C / C
intergenic,rs11617044,Build 37,23554813,A or G,A / A
intergenic,rs9510483,Build 37,23555339,C or T,C / C
intergenic,rs55982743,Build 37,23555689,C or T,C / C
intergenic,rs9506987,Build 37,23556694,C or T,C / C
intergenic,rs17077922,Build 37,23557118,A or C,C / C
intergenic,rs9580493,Build 37,23561107,C or T,C / T
intergenic,rs7983789,Build 37,23563089,A or G,A / G
intergenic,rs17077989,Build 37,23573513,G or T,G / T
intergenic,rs17355323,Build 37,23573552,A or G,G / G
intergenic,rs77048097,Build 37,23574697,A or G,A / G
intergenic,rs9580498,Build 37,23576022,A or G,A / G
intergenic,rs9285248,Build 37,23579883,G or T,T / T
intergenic,rs1887257,Build 37,23580020,A or G,A / A
intergenic,rs55707125,Build 37,23580499,G or T,T / T
intergenic,rs7331424,Build 37,23586366,A or C,A / C
intergenic,rs9550895,Build 37,23587273,C or T,C / T
intergenic,rs12430946,Build 37,23596330,A or G,G / G
intergenic,rs9552800,Build 37,23599673,A or G,G / G
intergenic,rs3887157,Build 37,23604147,A or G,A / A
intergenic,rs140572328,Build 37,19000060,C or G,not determined
intergenic,rs28854877,Build 37,19002497,A or G,G / G
intergenic,rs201000470,Build 37,19034862,A or G,not determined
intergenic,rs28883737,Build 37,19038830,C or G,G / G
intergenic,rs28888727,Build 37,19043975,G or T,G / G
intergenic,rs28769361,Build 37,19044578,C or T,not determined
intergenic,rs28881555,Build 37,19054710,C or T,not determined
intergenic,rs28610060,Build 37,19067949,C or T,C / C
intergenic,rs28429081,Build 37,19073032,A or G,not determined
intergenic,rs28610324,Build 37,19088972,A or C,C / C
intergenic,rs28475174,Build 37,19095489,C or T,not determined
intergenic,rs200282350,Build 37,19108923,A or G,G / G
intergenic,rs61969218,Build 37,19161652,G or T,G / G
intergenic,rs61969242,Build 37,19177446,C or T,not determined
intergenic,rs76227600,Build 37,19205070,C or T,not determined
intergenic,rs200895767,Build 37,19220972,C or G,G / G
intergenic,rs61970557,Build 37,19264875,A or G,G / G
intergenic,rs139566885,Build 37,19297773,A or G,G / G
intergenic,rs28789996,Build 37,19299386,A or G,A / A
intergenic,rs144901750,Build 37,19305071,A or G,not determined
intergenic,rs117898924,Build 37,19320628,A or G,G / G
intergenic,rs114202978,Build 37,19326474,C or T,T / T
intergenic,rs28699618,Build 37,19327823,C or T,C / T
intergenic,rs117509976,Build 37,19336265,A or G,A / A
intergenic,rs61969130,Build 37,19362886,G or T,G / G
intergenic,rs190389037,Build 37,19380241,A or C,C / C
intergenic,rs28573783,Build 37,19432328,A or G,not determined
intergenic,rs139543165,Build 37,19457554,C or T,not determined
intergenic,rs112101499,Build 37,19458083,C or T,not determined
intergenic,rs61969293,Build 37,19459676,A or G,G / G
intergenic,rs141860196,Build 37,19467683,C or T,C / C
intergenic,rs75940277,Build 37,19468496,C or T,C / C
NEK2P3,rs192908730,Build 37,19476577,C or T,C / C
intergenic,i714454,Build 37,19484909,G or T,T / T
intergenic,rs138506797,Build 37,19535727,C or T,T / T
intergenic,i714455,Build 37,19539352,C or T,not determined
intergenic,rs143943239,Build 37,19776072,C or T,not determined
intergenic,rs146898406,Build 37,19776418,A or C,not determined
intergenic,rs144675390,Build 37,19785601,A or G,G / G
intergenic,rs150012563,Build 37,19820686,A or G,not determined
intergenic,rs28577587,Build 37,19820690,C or T,T / T
intergenic,rs148900504,Build 37,19821086,A or G,not determined
intergenic,rs149160629,Build 37,19828121,A or G,G / G
intergenic,rs202144036,Build 37,19878503,A or G,not determined
intergenic,rs61979868,Build 37,19961806,A or C,not determined
POTEM,rs201262647,Build 37,20020201,A or G,G / G
intergenic,rs147023247,Build 37,20198662,A or G,G / G
intergenic,rs78531512,Build 37,20198833,A or C,C / C
OR11K2P,rs370395375,Build 37,20202116,C or T,C / C
intergenic,rs117600518,Build 37,20203098,C or T,T / T
intergenic,rs138068304,Build 37,20208519,C or T,T / T
intergenic,rs7153338,Build 37,20212985,A or G,G / G
intergenic,rs17114296,Build 37,20213937,A or G,A / A
intergenic,rs12436223,Build 37,20214907,C or T,C / C
intergenic,rs12435642,Build 37,20215378,A or C,C / C
intergenic,rs10498263,Build 37,20215448,C or T,T / T
OR4Q3,rs149431544,Build 37,20215899,A or C,C / C
OR4Q3,rs17210864,Build 37,20215989,A or G,G / G
OR4Q3,rs534518521,Build 37,20215995,— or ATGAACCCCCAGCT,ATGAACCCCCAGCT / ATGAACCCCCAGCT
intergenic,rs148158292,Build 37,20220501,C or T,T / T
intergenic,rs17276815,Build 37,20229206,A or C,A / C
intergenic,rs117160014,Build 37,20239764,C or T,C / C
intergenic,rs78783513,Build 37,20242124,A or G,A / A
intergenic,rs2815959,Build 37,20249456,A or G,G / G
intergenic,rs4638495,Build 37,20250967,A or C,A / C
intergenic,rs148728276,Build 37,20260907,A or G,G / G
intergenic,rs75964813,Build 37,20262436,A or G,G / G
intergenic,rs117164702,Build 37,20264281,C or T,C / C
intergenic,rs1780900,Build 37,20266414,A or G,A / G
intergenic,rs12434992,Build 37,20266715,A or G,A / G
intergenic,rs7161708,Build 37,20269450,A or G,G / G
OR4N2,rs140350289,Build 37,20288725,C or T,T / T
OR4N2,rs4410001,Build 37,20290516,A or G,G / G
OR4N2,rs72663752,Build 37,20295627,C or G,C / C
OR4N2,rs149523724,Build 37,20296056,— or T,— / —
OR4N2,rs567489106,Build 37,20296303,— or A,— / —
intergenic,rs2873665,Build 37,20305431,C or T,C / T
intergenic,rs140462812,Build 37,20313143,A or G,G / G
intergenic,rs117545497,Build 37,20324829,A or G,A / A
intergenic,rs117373740,Build 37,20325389,A or G,G / G
intergenic,rs114264640,Build 37,20329588,A or G,G / G
intergenic,rs1780944,Build 37,20332571,G or T,G / G
OR4K3,rs45577040,Build 37,20337392,A or G,G / G
intergenic,rs118140501,Build 37,20338706,C or T,C / C
intergenic,rs7140161,Build 37,20341620,A or G,G / G
intergenic,rs1686539,Build 37,20341645,A or C,A / C
intergenic,rs191532324,Build 37,20342404,A or G,A / A
intergenic,rs10145819,Build 37,20347202,C or T,C / C
intergenic,rs1319956,Build 37,20347211,A or G,A / G
intergenic,rs1319954,Build 37,20347564,A or C,A / C
intergenic,rs113622027,Build 37,20347943,C or T,T / T
intergenic,rs10134001,Build 37,20349332,A or G,A / G
intergenic,rs11157513,Build 37,20349880,A or G,A / G
intergenic,rs75092316,Build 37,20350391,A or G,A / A
intergenic,rs114502159,Build 37,20350537,A or G,A / A
intergenic,rs75750586,Build 37,20350824,A or G,G / G
intergenic,rs2318512,Build 37,20360311,C or T,T / T
intergenic,rs1780920,Build 37,20362820,A or G,G / G
intergenic,rs117855273,Build 37,20378162,A or G,A / A
intergenic,rs12431456,Build 37,20379392,C or T,C / T
TRA,rs76967779,Build 37,22999523,C or T,C / C
"TRA , TRAJ13",rs227003,Build 37,23000062,C or T,C / C
TRA,rs189143178,Build 37,23001825,A or G,A / A
TRA,rs1154154,Build 37,23002272,C or T,C / T
TRA,rs1154155,Build 37,23002684,G or T,G / T
TRA,rs1263638,Build 37,23009999,C or T,C / C
"TRA , TRAC",rs3751474,Build 37,23018858,C or T,T / T
"TRA , TRAC",rs148378592,Build 37,23018918,G or T,G / G
"TRA , TRAC",rs1263656,Build 37,23019164,C or T,C / T
"TRA , TRAC",rs17461,Build 37,23020706,A or C,C / C
intergenic,rs367442,Build 37,23021852,A or G,A / G
intergenic,rs424582,Build 37,23021855,A or G,A / G
intergenic,rs11852201,Build 37,23024564,C or T,C / C
intergenic,rs10138620,Build 37,23027308,C or T,C / C
intergenic,rs67313144,Build 37,23027964,A or C,C / C
intergenic,rs28407819,Build 37,23031836,A or G,G / G
DAD1,rs75551720,Build 37,23034339,A or G,A / A
DAD1,rs5742835,Build 37,23038847,A or G,A / G
DAD1,rs3811189,Build 37,23041656,A or G,A / G
DAD1,rs1681577,Build 37,23042809,G or T,T / T
DAD1,rs117059425,Build 37,23050179,A or C,A / A
DAD1,rs5742742,Build 37,23056524,A or G,G / G
intergenic,rs74036429,Build 37,23062471,A or G,A / A
intergenic,rs61498819,Build 37,23062776,C or T,T / T
intergenic,rs75082888,Build 37,23064775,A or G,G / G
ABHD4,rs1483980,Build 37,23068419,C or T,C / T
ABHD4,rs34297727,Build 37,23071824,C or T,T / T
ABHD4,rs1483965,Build 37,23072022,G or T,G / G
ABHD4,rs1242926,Build 37,23075116,C or T,C / T
ABHD4,rs17120384,Build 37,23078849,A or G,G / G
ABHD4,rs1242933,Build 37,23079730,A or G,A / G
ABHD4,rs9339,Build 37,23081223,C or T,C / T
intergenic,rs72679806,Build 37,23082907,C or T,C / C
intergenic,rs143735348,Build 37,23089868,A or G,not determined
intergenic,rs7145202,Build 37,23092105,C or T,C / T
intergenic,rs141327709,Build 37,23093606,A or G,A / A
intergenic,rs6572605,Build 37,23094134,G or T,G / G
intergenic,rs1753458,Build 37,23099390,A or G,A / G
intergenic,rs11157709,Build 37,23100774,A or G,G / G
intergenic,rs116935859,Build 37,23100959,G or T,G / G
intergenic,rs74738580,Build 37,23101724,C or T,T / T
OR6J1,rs1753430,Build 37,23102969,A or G,A / G
OR6J1,rs117737960,Build 37,23103223,A or G,A / A
OR6J1,rs45470397,Build 37,23103304,G or T,G / G
intergenic,rs10147839,Build 37,23111193,C or T,C / C
intergenic,rs900681,Build 37,23114911,A or C,A / A
intergenic,rs9944032,Build 37,23123431,A or G,A / A
intergenic,rs4368099,Build 37,23129255,C or T,C / T
intergenic,rs72679848,Build 37,23131941,A or G,G / G
intergenic,rs35720937,Build 37,23154745,C or T,C / T
intergenic,rs2877468,Build 37,23165738,G or T,T / T
intergenic,rs943889,Build 37,23169536,G or T,G / T
intergenic,rs11157753,Build 37,23173486,C or T,T / T
intergenic,rs112170013,Build 37,23175786,A or G,G / G
intergenic,rs7147313,Build 37,23177202,A or C,A / A
intergenic,rs118068851,Build 37,23188584,G or T,G / G
intergenic,rs77530267,Build 37,23200212,A or G,G / G
intergenic,rs1242747,Build 37,23202373,G or T,T / T
intergenic,rs72679884,Build 37,23206496,A or G,G / G
intergenic,rs77351998,Build 37,23213309,C or T,C / C
intergenic,rs12890897,Build 37,23214356,C or T,C / C
intergenic,rs7154994,Build 37,23215099,A or C,A / A
intergenic,rs8019439,Build 37,23218847,C or T,T / T
intergenic,rs78720826,Build 37,23222163,G or T,T / T
intergenic,rs17277844,Build 37,23228159,A or G,G / G
intergenic,rs4982665,Build 37,23231146,A or C,A / A
OXA1L,rs45616941,Build 37,23236142,A or G,G / G
OXA1L,rs8572,Build 37,23236524,C or T,T / T
OXA1L,rs201009341,Build 37,23236587,C or G,G / G
OXA1L,rs17619,Build 37,23237212,A or G,G / G
OXA1L,rs191234116,Build 37,23239051,A or G,G / G
OXA1L,rs145636488,Build 37,23240042,C or G,C / C
OXA1L,rs148343797,Build 37,23240303,A or G,G / G
OXA1L,rs4981437,Build 37,23240359,C or T,C / C
OXA1L,rs199541658,Build 37,23240524,C or T,C / C
SLC7A7,rs1061040,Build 37,23242828,C or T,C / C
SLC7A7,rs12436256,Build 37,23244138,C or T,C / C
SLC7A7,rs61974189,Build 37,23244247,C or T,C / C
SLC7A7,rs12891079,Build 37,23244542,C or T,T / T
SLC7A7,rs11568423,Build 37,23244684,C or T,C / C
SLC7A7,rs386833795,Build 37,23244735,C or T,C / C
SLC7A7,rs146582474,Build 37,23245147,A or T,T / T
SLC7A7,rs17122346,Build 37,23246810,C or T,T / T
SLC7A7,rs17122349,Build 37,23246831,C or T,T / T
SLC7A7,rs4981438,Build 37,23246975,G or T,G / G
SLC7A7,rs386833823,Build 37,23248059,A or G,G / G
SLC7A7,rs12888930,Build 37,23248583,C or T,T / T
SLC7A7,rs4981440,Build 37,23255740,A or C,A / A
SLC7A7,rs6572755,Build 37,23258128,A or G,G / G
SLC7A7,rs2065134,Build 37,23258189,G or T,T / T
SLC7A7,rs116847943,Build 37,23259258,C or T,C / C
SLC7A7,rs8006372,Build 37,23259699,C or T,C / T
SLC7A7,rs77841550,Build 37,23259791,A or G,A / A
SLC7A7,rs17211943,Build 37,23263665,A or G,A / G
SLC7A7,rs143594632,Build 37,23264568,A or G,G / G
SLC7A7,rs8008926,Build 37,23265548,A or G,A / A
SLC7A7,rs67573838,Build 37,23271795,C or T,C / T
SLC7A7,rs12884337,Build 37,23273114,C or T,C / C
SLC7A7,rs17211950,Build 37,23275631,C or T,C / T
SLC7A7,rs4982676,Build 37,23278003,A or G,G / G
intergenic,rs118030220,Build 37,20004966,A or G,G / G
intergenic,rs57774309,Build 37,20011590,C or T,T / T
intergenic,i714600,Build 37,20015809,C or T,C / C
intergenic,rs117764863,Build 37,20044342,A or G,G / G
intergenic,rs117075327,Build 37,20052938,A or C,not determined
intergenic,rs12905389,Build 37,20071673,A or G,G / G
intergenic,rs141726236,Build 37,20103775,C or T,C / C
intergenic,rs374455680,Build 37,20143284,A or G,A / A
intergenic,rs10163108,Build 37,20151610,C or T,C / C
intergenic,rs12906138,Build 37,20184600,A or G,A / G
intergenic,rs7496731,Build 37,20189247,C or T,C / T
intergenic,i714602,Build 37,20191268,G or T,T / T
intergenic,rs7179358,Build 37,20191741,A or G,A / A
intergenic,rs4932079,Build 37,20192011,A or C,A / C
intergenic,rs73389323,Build 37,20206736,A or T,not determined
intergenic,rs147454026,Build 37,20222877,A or G,G / G
intergenic,rs147463591,Build 37,20233548,A or G,G / G
RHPN2P1,rs4102015,Build 37,20443891,C or T,not determined
RHPN2P1,rs6599887,Build 37,20451725,C or T,T / T
RHPN2P1,rs6599892,Build 37,20458999,A or G,A / A
RHPN2P1,rs11852798,Build 37,20465721,A or G,A / A
RHPN2P1,rs6599911,Build 37,20471977,C or G,C / C
RHPN2P1,rs2601519,Build 37,20478830,C or T,not determined
RHPN2P1,rs2722068,Build 37,20479140,C or T,not determined
intergenic,rs10902987,Build 37,20484820,C or T,not determined
intergenic,rs6599923,Build 37,20484823,A or G,not determined
intergenic,rs199803675,Build 37,20504603,A or G,A / A
intergenic,rs7403561,Build 37,20505538,A or G,not determined
intergenic,rs2937182,Build 37,20507791,A or G,not determined
intergenic,rs2937183,Build 37,20507838,C or T,C / C
intergenic,rs10152679,Build 37,20511635,A or C,C / C
intergenic,rs1697314,Build 37,20511719,C or T,C / C
intergenic,rs299664,Build 37,20526706,A or C,A / A
intergenic,rs4114748,Build 37,20527740,C or G,C / C
intergenic,rs144800044,Build 37,20533354,G or T,G / G
intergenic,rs28701146,Build 37,20536837,G or T,not determined
intergenic,rs12594213,Build 37,20585204,A or G,G / G
intergenic,rs113195802,Build 37,20603222,C or T,C / C
intergenic,rs373824039,Build 37,20605958,G or T,not determined
HERC2P3,rs74802357,Build 37,20617889,A or G,not determined
HERC2P3,rs8024580,Build 37,20619819,A or C,A / A
HERC2P3,rs368308785,Build 37,20625463,C or T,T / T
HERC2P3,i707416,Build 37,20704538,A or G,G / G
GOLGA6L6,rs763262056,Build 37,20739842,— or TCGTATCTTCT,not determined
GOLGA6L6,rs764098542,Build 37,20739865,— or GTATCTTCTCCTCCTGCTCCT,not determined
intergenic,rs116384060,Build 37,20796463,A or G,A / A
intergenic,rs11853381,Build 37,20850400,A or G,A / A
intergenic,rs369761757,Build 37,20871548,C or T,T / T
NBEAP1,rs207475234,Build 37,20875933,A or C,C / C
NBEAP1,rs372974967,Build 37,20878067,C or T,C / C
NBEAP1,rs78302946,Build 37,20885097,A or C,A / A
FAM30C,rs182574393,Build 37,21246829,C or T,not determined
intergenic,rs201799029,Build 37,21275893,C or T,not determined
NBEAP4,rs11856099,Build 37,21901771,C or T,C / C
intergenic,i714611,Build 37,22043670,C or T,C / C
LOC101927079,rs113492646,Build 37,22310511,G or T,not determined
LOC101927079,rs113436221,Build 37,22320346,C or T,C / C
LOC101927079,i714613,Build 37,22321690,A or G,G / G
LOC101927079,rs370098314,Build 37,22325105,A or G,A / A
LOC101927079,rs117942918,Build 37,22348201,A or G,A / A
LOC101927079,rs150758759,Build 37,22363528,C or T,T / T
LOC101927079,rs113855656,Build 37,22368468,C or T,C / C
"LOC101927079 , OR4M2",rs200397321,Build 37,22368700,A or G,A / A
"LOC101927079 , OR4M2",rs148553963,Build 37,22368706,G or T,T / T
"LOC101927079 , OR4M2",rs199771679,Build 37,22368729,A or G,G / G
"LOC101927079 , OR4M2",rs551318895,Build 37,22368814,— or AAAT,— / —
"LOC101927079 , OR4M2",rs533284373,Build 37,22369338,— or C,C / C
LOC101927079,rs75415855,Build 37,22376374,G or T,T / T
LOC101927079,i714614,Build 37,22378781,C or T,T / T
LOC101927079,rs76416487,Build 37,22379033,A or G,A / A
"LOC101927079 , OR4N4",rs770412988,Build 37,22382609,— or T,— / —
"LOC101927079 , OR4N4",rs376203024,Build 37,22382921,— or T,— / —
"LOC101927079 , OR4N4",rs112081824,Build 37,22383249,A or G,G / G
intergenic,rs149157185,Build 37,22416081,C or T,T / T
intergenic,rs200429448,Build 37,22421334,A or G,A / A
intergenic,rs675922,Build 37,22435954,A or G,A / A
intergenic,rs200009043,Build 37,22463534,C or T,C / C
intergenic,rs370335947,Build 37,22468867,A or G,G / G
intergenic,i714615,Build 37,22472834,C or T,T / T
intergenic,rs67617251,Build 37,22485903,G or T,T / T
intergenic,rs62010415,Build 37,22533451,C or T,not determined
REREP3,rs117880350,Build 37,22568100,C or T,T / T
intergenic,rs199608417,Build 37,22574927,A or G,G / G
intergenic,rs35204569,Build 37,22749168,A or G,A / A
intergenic,rs28707380,Build 37,22759530,A or C,C / C
intergenic,rs113158848,Build 37,22761722,C or T,C / C
intergenic,rs60437105,Build 37,22766047,A or C,C / C
intergenic,rs8034562,Build 37,22766739,A or C,C / C
intergenic,rs11857832,Build 37,22772887,A or G,A / A
intergenic,rs11858222,Build 37,22777299,G or T,T / T
ELMO2P1,rs56336241,Build 37,22777815,G or T,T / T
ELMO2P1,rs6606788,Build 37,22778880,A or G,A / A
ELMO2P1,rs113349525,Build 37,22781807,C or T,C / C
ELMO2P1,rs118105005,Build 37,22788922,C or T,C / C
intergenic,rs117008634,Build 37,22794494,C or T,T / T
intergenic,rs113247210,Build 37,22801026,A or G,G / G
intergenic,rs141147864,Build 37,22821254,C or T,C / C
intergenic,i714617,Build 37,22829199,G or T,G / G
intergenic,i714618,Build 37,22832682,C or T,C / C
TUBGCP5,rs192440577,Build 37,22834164,C or T,C / C
intergenic,rs117486331,Build 37,26766522,A or G,G / G
intergenic,rs1365591,Build 37,26766746,A or G,G / G
intergenic,rs1896195,Build 37,26770557,C or T,T / T
intergenic,rs74509026,Build 37,26772830,C or T,C / C
intergenic,rs146093774,Build 37,26779178,C or T,not determined
intergenic,rs72700062,Build 37,26787942,G or T,G / T
GABRB3,rs3751582,Build 37,26806064,C or T,C / T
GABRB3,rs3751583,Build 37,26806393,C or T,T / T
GABRB3,rs118094503,Build 37,26810528,A or G,A / A
GABRB3,rs981347,Build 37,26811130,C or T,C / T
GABRB3,rs797045045,Build 37,26812868,C or G,C / C
GABRB3,rs4906679,Build 37,26814773,C or T,T / T
GABRB3,rs7170724,Build 37,26825118,G or T,G / T
GABRB3,rs188879678,Build 37,26826365,A or G,A / A
GABRB3,rs117034756,Build 37,26827010,C or T,C / C
GABRB3,rs6576585,Build 37,26829255,C or T,C / C
GABRB3,rs8024256,Build 37,26829521,A or G,A / G
GABRB3,rs117317342,Build 37,26847345,C or T,T / T
GABRB3,rs189180243,Build 37,26849368,A or G,A / A
GABRB3,rs17117177,Build 37,26865632,A or C,C / C
GABRB3,rs60679219,Build 37,26867528,A or C,A / A
GABRB3,rs147165918,Build 37,26868005,C or T,C / C
GABRB3,rs74004627,Build 37,26885776,A or G,A / A
GABRB3,rs754186,Build 37,26887814,A or G,A / G
GABRB3,rs1426206,Build 37,26888344,A or G,A / A
GABRB3,rs10873636,Build 37,26888978,G or T,G / T
GABRB3,rs11629819,Build 37,26895081,A or C,A / C
GABRB3,rs7179684,Build 37,26896104,A or G,A / A
GABRB3,rs74004636,Build 37,26904831,G or T,G / T
GABRB3,rs3892067,Build 37,26906648,A or G,A / A
GABRB3,rs17646800,Build 37,26912677,C or T,T / T
GABRB3,rs73370106,Build 37,26914777,C or T,C / C
GABRB3,rs28555613,Build 37,26922745,A or C,A / A
GABRB3,rs10873637,Build 37,26926765,A or C,C / C
GABRB3,rs1863467,Build 37,26933734,C or T,T / T
GABRB3,rs752414,Build 37,26935001,C or T,C / C
GABRB3,rs59295226,Build 37,26937683,C or T,T / T
GABRB3,rs11161330,Build 37,26938354,A or G,G / G
GABRB3,rs73370149,Build 37,26939611,A or G,G / G
GABRB3,rs77199464,Build 37,26940669,C or T,T / T
GABRB3,rs17738278,Build 37,26941113,A or G,G / G
GABRB3,rs17738349,Build 37,26952275,A or G,G / G
GABRB3,rs1549483,Build 37,26953842,C or T,T / T
GABRB3,rs141795758,Build 37,26958337,C or T,T / T
GABRB3,rs11630462,Build 37,26960412,A or C,C / C
GABRB3,rs117784942,Build 37,26962500,A or G,A / A
GABRB3,rs36053947,Build 37,26967513,C or T,T / T
GABRB3,rs12904093,Build 37,26967770,C or T,T / T
GABRB3,rs8043440,Build 37,26973086,C or T,T / T
GABRB3,rs10519566,Build 37,26975870,A or G,G / G
GABRB3,rs117086282,Build 37,26976937,A or G,G / G
GABRB3,rs71463502,Build 37,26977482,C or T,C / C
GABRB3,rs6576602,Build 37,26982080,A or G,G / G
GABRB3,rs12437487,Build 37,26982386,C or T,C / C
GABRB3,rs8038471,Build 37,26990651,A or G,G / G
GABRB3,rs28835384,Build 37,26991211,C or T,C / C
GABRB3,rs6576603,Build 37,26994652,A or C,A / A
GABRB3,rs117010603,Build 37,26995101,C or T,T / T
GABRB3,rs8042817,Build 37,27003352,C or T,C / C
GABRB3,rs3212335,Build 37,27012141,C or T,T / T
intergenic,rs4486851,Build 37,27022876,A or C,C / C
intergenic,rs117482967,Build 37,27024464,A or G,G / G
intergenic,rs117733166,Build 37,27027065,C or T,C / C
intergenic,rs139208586,Build 37,27035073,A or C,A / A
intergenic,rs7168574,Build 37,27035094,C or T,T / T
intergenic,rs111240736,Build 37,27039488,C or T,C / C
intergenic,rs117857306,Build 37,27043749,A or G,G / G
intergenic,rs6576618,Build 37,27044605,A or C,A / A
intergenic,rs118071185,Build 37,27047735,C or T,T / T
intergenic,rs11639126,Build 37,27048108,A or G,G / G
intergenic,rs4517759,Build 37,27048768,A or G,G / G
intergenic,rs13329532,Build 37,27049632,A or G,A / G
intergenic,rs6576620,Build 37,27051045,A or G,A / A
intergenic,rs12441474,Build 37,27053068,A or G,A / A
intergenic,rs115578042,Build 37,27059182,A or G,A / A
intergenic,rs72712026,Build 37,27061054,A or G,G / G
intergenic,rs78167470,Build 37,27063138,A or G,G / G
intergenic,rs143275148,Build 37,27064276,A or G,A / A
intergenic,rs190809329,Build 37,27067293,A or G,G / G
intergenic,rs113752738,Build 37,27072640,C or T,C / C
intergenic,rs77067714,Build 37,27077689,A or G,A / A
intergenic,rs9783730,Build 37,27095112,A or G,G / G
intergenic,rs61097272,Build 37,27095573,C or T,T / T
GABRA5,rs78575803,Build 37,27115609,A or G,A / G
GABRA5,rs7173687,Build 37,27116718,A or G,A / G
GABRA5,rs72712052,Build 37,27116975,G or T,G / G
GABRA5,rs8026068,Build 37,27118029,C or T,C / T
GABRA5,rs9286393,Build 37,27126284,G or T,G / T
GABRA5,rs12914731,Build 37,27130068,A or G,A / G
GABRA5,rs77180503,Build 37,27130527,A or G,A / G
GABRA5,rs72712073,Build 37,27134483,C or T,C / C
GABRA5,rs28426996,Build 37,27134634,A or G,G / G
GABRA5,rs137906992,Build 37,27137047,A or C,A / C
GABRA5,rs147233314,Build 37,27137875,A or G,G / G
GABRA5,rs144090138,Build 37,27140056,C or T,T / T
GABRA5,rs150484972,Build 37,27141129,C or T,T / T
GABRA5,rs9745027,Build 37,27142266,A or C,A / C
GABRA5,rs35462260,Build 37,27156226,A or G,A / G
GABRA5,rs34560591,Build 37,27156545,A or C,A / C
GABRA5,rs61999575,Build 37,27156832,C or T,T / T
WASH4P,rs746539639,Build 37,68031,A or G,G / G
intergenic,rs72763640,Build 37,89659,A or C,A / A
intergenic,rs117695470,Build 37,92688,A or G,G / G
SNRNP25,rs2541594,Build 37,105444,C or T,T / T
SNRNP25,rs74493241,Build 37,107211,A or G,G / G
SNRNP25,rs1045001,Build 37,107275,G or T,G / G
RHBDF1,rs3213511,Build 37,112775,A or G,G / G
RHBDF1,rs117178741,Build 37,114123,C or T,T / T
RHBDF1,rs2288490,Build 37,115041,C or T,C / T
RHBDF1,rs117078265,Build 37,119006,A or C,A / A
RHBDF1,rs113719405,Build 37,120006,A or G,A / G
intergenic,rs2541636,Build 37,123220,A or G,A / A
intergenic,rs80173207,Build 37,125231,A or G,G / G
intergenic,rs2562161,Build 37,125757,C or T,C / C
MPG,rs1318634,Build 37,129025,A or G,A / A
MPG,rs710079,Build 37,129223,C or T,C / C
MPG,rs150397931,Build 37,132596,C or T,C / C
MPG,rs144044199,Build 37,133061,A or G,G / G
MPG,rs2308312,Build 37,133157,A or G,G / G
MPG,rs184674571,Build 37,133223,G or T,G / G
MPG,rs145824088,Build 37,135414,A or G,G / G
NPRL3,rs1128426,Build 37,142714,C or T,C / C
NPRL3,rs6600233,Build 37,143503,C or T,C / T
NPRL3,rs34769159,Build 37,144428,A or G,A / A
NPRL3,rs78360966,Build 37,151262,C or T,C / C
NPRL3,rs72763660,Build 37,151357,A or G,G / G
NPRL3,rs798612,Build 37,155320,A or G,G / G
NPRL3,rs183351,Build 37,158437,C or T,T / T
NPRL3,rs11248850,Build 37,163598,A or G,A / G
NPRL3,rs117362193,Build 37,164705,C or T,T / T
NPRL3,rs7185768,Build 37,165781,A or G,A / G
NPRL3,rs2974759,Build 37,173183,A or G,A / A
NPRL3,rs17146027,Build 37,174743,C or T,T / T
NPRL3,rs75187722,Build 37,180529,A or G,G / G
NPRL3,rs191232963,Build 37,184201,A or C,A / A
NPRL3,rs7203560,Build 37,184390,G or T,T / T
NPRL3,rs34579344,Build 37,186720,A or G,G / G
NPRL3,rs191086839,Build 37,186950,C or T,T / T
NPRL3,rs2562188,Build 37,187509,A or G,A / G
intergenic,rs117633093,Build 37,188768,C or T,C / C
intergenic,rs2858944,Build 37,193586,A or G,G / G
intergenic,rs7202152,Build 37,194845,A or G,A / G
intergenic,rs76290641,Build 37,195570,A or G,G / G
intergenic,rs12923613,Build 37,196497,G or T,G / T
intergenic,rs2541639,Build 37,205035,A or G,G / G
intergenic,rs117772633,Build 37,205897,A or G,G / G
intergenic,rs2541638,Build 37,207611,C or T,C / T
intergenic,rs62030337,Build 37,207930,G or T,G / G
intergenic,rs77885081,Build 37,209236,C or T,C / C
intergenic,rs68035351,Build 37,211090,A or G,G / G
intergenic,rs3760052,Build 37,211167,A or G,G / G
HBA2,rs41417548,Build 37,223484,A or G,G / G
intergenic,rs181734727,Build 37,225475,A or G,G / G
intergenic,rs2858942,Build 37,225653,A or C,A / A
intergenic,rs190072257,Build 37,238482,A or G,A / G
LUC7L,rs10153124,Build 37,240338,C or T,T / T
LUC7L,rs2858014,Build 37,248357,C or T,C / T
LUC7L,rs2685123,Build 37,248418,C or T,C / T
LUC7L,rs143660108,Build 37,268955,C or G,G / G
LUC7L,rs11641118,Build 37,269906,A or G,A / A
LUC7L,rs146507098,Build 37,272122,A or G,A / A
LUC7L,rs62032205,Build 37,273027,A or G,G / G
LUC7L,rs117345827,Build 37,275920,C or T,C / C
LUC7L,rs118004149,Build 37,276515,C or T,T / T
LUC7L,rs373112200,Build 37,278988,A or G,G / G
FAM234A,rs8051485,Build 37,286982,C or T,C / T
FAM234A,rs2858010,Build 37,289694,C or T,T / T
FAM234A,rs11248914,Build 37,293562,C or T,T / T
FAM234A,rs6600191,Build 37,295795,C or T,C / T
FAM234A,rs7189020,Build 37,304803,A or T,T / T
FAM234A,rs1122794,Build 37,309155,A or C,C / C
FAM234A,rs78641696,Build 37,309950,C or T,C / T
FAM234A,rs13335629,Build 37,310380,A or G,G / G
FAM234A,rs542805220,Build 37,310507,C or T,C / C
FAM234A,rs150129313,Build 37,310645,— or ACGG,— / —
FAM234A,rs751687190,Build 37,310654,— or TG,TG / TG
FAM234A,rs9924561,Build 37,314780,G or T,G / G
FAM234A,rs8816,Build 37,315839,A or G,A / G
FAM234A,rs739998,Build 37,316890,C or T,C / T
"FAM234A , RGS11",rs114887633,Build 37,318822,G or T,G / G
"FAM234A , RGS11",rs739999,Build 37,319511,A or G,A / G
"FAM234A , RGS11",rs57268939,Build 37,319547,C or T,T / T
RGS11,rs9806942,Build 37,320759,C or T,C / T
RGS11,rs61759901,Build 37,320992,A or C,C / C
intergenic,rs3809653,Build 37,326455,G or T,G / T
ARHGDIG,rs199970245,Build 37,332493,C or T,C / C
PDIA2,rs45619835,Build 37,334920,C or T,C / C
PDIA2,rs2685127,Build 37,335373,C or T,C / C
PDIA2,rs45459806,Build 37,335531,C or T,C / T
PDIA2,i714851,Build 37,336201,A or C,A / A
PDIA2,rs11647490,Build 37,336660,A or G,A / G
PDIA2,rs45571033,Build 37,336891,— or A,— / —
AXIN1,rs45530432,Build 37,337655,A or G,A / A
AXIN1,rs34015754,Build 37,338189,C or T,C / C
AXIN1,rs114718489,Build 37,342882,A or G,G / G
AXIN1,rs117208012,Build 37,347063,C or T,C / C
AXIN1,rs142097791,Build 37,354353,A or G,G / G
AXIN1,rs80134030,Build 37,354943,A or G,G / G
AXIN1,rs12930863,Build 37,363384,C or T,C / T
AXIN1,rs118125792,Build 37,364025,C or T,C / C
intergenic,rs118164962,Build 37,3205539,C or T,T / T
intergenic,rs184482280,Build 37,3213548,A or G,G / G
intergenic,rs142173455,Build 37,3216640,A or G,A / A
intergenic,rs2741907,Build 37,3219600,A or G,A / A
intergenic,rs172787,Build 37,3233737,A or C,A / C
intergenic,rs393461,Build 37,3239518,C or T,C / C
intergenic,rs78137198,Build 37,3240921,A or G,A / A
intergenic,rs8049746,Build 37,3244096,C or T,C / T
intergenic,rs6501151,Build 37,3251360,G or T,G / T
intergenic,rs12921800,Build 37,3253629,C or T,not determined
OR1F1,rs140644764,Build 37,3254408,A or C,not determined
intergenic,rs12709237,Build 37,3263937,A or G,A / G
intergenic,rs77428722,Build 37,3265098,C or T,T / T
OR1F2P,rs61743522,Build 37,3265854,A or G,G / G
intergenic,rs117912605,Build 37,3271645,C or T,T / T
ZNF200,rs11077325,Build 37,3277251,A or G,A / G
intergenic,rs191776477,Build 37,3290807,C or T,not determined
intergenic,rs71998,Build 37,3290929,C or T,C / T
intergenic,rs11466055,Build 37,3291842,C or T,C / C
MEFV,rs104895097,Build 37,3293205,C or T,C / C
MEFV,rs61732874,Build 37,3293257,A or C,C / C
MEFV,rs28940579,Build 37,3293310,A or G,A / A
MEFV,rs104895094,Build 37,3293403,C or T,T / T
MEFV,rs28940578,Build 37,3293405,C or T,C / C
MEFV,rs61752717,Build 37,3293407,C or T,T / T
MEFV,rs28940580,Build 37,3293447,C or G,C / C
MEFV,i4000404,Build 37,3293529,C or T,C / C
MEFV,rs11466045,Build 37,3293880,A or G,A / A
MEFV,rs104895083,Build 37,3297166,C or G,G / G
MEFV,rs4786398,Build 37,3298243,A or G,A / A
MEFV,rs11466024,Build 37,3299468,A or C or T,C / C
MEFV,rs11466023,Build 37,3299586,A or G,G / G
MEFV,rs224213,Build 37,3299749,A or G,A / A
MEFV,rs224215,Build 37,3301360,A or G,A / A
MEFV,rs2238408,Build 37,3301664,C or T,T / T
MEFV,rs224220,Build 37,3302774,C or T,C / C
MEFV,rs3743930,Build 37,3304626,C or G,C / C
MEFV,rs224225,Build 37,3304762,A or G,A / G
MEFV,rs61754767,Build 37,3306464,A or G,G / G
MEFV,rs139448379,Build 37,3306551,C or G,G / G
intergenic,rs1235946,Build 37,3310155,C or T,T / T
ZNF263,rs185197463,Build 37,3334030,G or T,G / G
TIGD7,rs6501169,Build 37,3353205,C or T,T / T
ZNF75A,rs45541431,Build 37,3358384,A or G,A / A
ZNF75A,rs17611866,Build 37,3367229,C or T,T / T
intergenic,rs72776310,Build 37,3370894,C or T,C / C
intergenic,rs75446677,Build 37,3372419,C or T,C / C
intergenic,rs13335080,Build 37,3377490,A or G,A / A
intergenic,rs61546040,Build 37,3377600,A or G,A / A
intergenic,rs188569832,Build 37,3377680,A or G,A / G
intergenic,rs37845,Build 37,3378342,A or G,A / A
intergenic,rs37846,Build 37,3378450,G or T,T / T
intergenic,rs74249106,Build 37,3379136,C or T,C / C
intergenic,rs12926314,Build 37,3388110,A or G,A / G
intergenic,rs10163302,Build 37,3392984,C or T,C / T
intergenic,rs7201530,Build 37,3399012,A or G,G / G
OR2C1,rs1218762,Build 37,3405986,A or G,A / G
OR2C1,rs142397376,Build 37,3406757,— or T,T / T
intergenic,rs117489415,Build 37,3412610,A or G,A / A
intergenic,rs17685105,Build 37,3413749,C or T,C / T
intergenic,rs9635547,Build 37,3416664,C or T,C / T
intergenic,rs76319401,Build 37,3422949,A or G,A / A
intergenic,i714857,Build 37,3425940,C or T,not determined
intergenic,rs37803,Build 37,3426917,G or T,G / G
intergenic,rs72776362,Build 37,3431694,C or T,C / C
ZSCAN32,rs78518780,Build 37,3450399,G or T,G / G
ZNF174,rs37813,Build 37,3455079,C or T,C / C
ZNF174,rs117643957,Build 37,3455495,C or T,C / C
ZNF174,rs11640177,Build 37,3458609,A or G,G / G
intergenic,rs117098500,Build 37,3480168,A or G,A / A
intergenic,rs2680235,Build 37,3481930,A or G,A / G
ZNF597,rs58270655,Build 37,3488386,C or T,C / C
NAA60,rs40363,Build 37,3509056,A or G,A / G
NAA60,rs9934814,Build 37,3510737,A or G,G / G
NAA60,rs7186653,Build 37,3512760,A or G,A / A
NAA60,rs75350883,Build 37,3515328,A or G,G / G
NAA60,rs12597473,Build 37,3521049,A or G,A / G
NAA60,rs117893530,Build 37,3522080,A or G,G / G
NAA60,rs4786422,Build 37,3527497,A or C,C / C
C16orf90,rs76317233,Build 37,3544349,A or C,A / A
intergenic,rs4268749,Build 37,3547594,G or T,G / G
intergenic,rs62031814,Build 37,3548192,C or T,C / C
intergenic,rs144413747,Build 37,3548470,A or G,G / G
CLUAP1,rs185845931,Build 37,3552524,C or T,C / C
CLUAP1,rs62031815,Build 37,3554423,C or T,C / C
CLUAP1,rs79133712,Build 37,3558389,C or T,C / C
CLUAP1,rs76623758,Build 37,3558904,A or G,A / A
CLUAP1,rs117553883,Build 37,3578129,C or T,C / C
CLUAP1,rs17794017,Build 37,3580784,A or G,A / A
CLUAP1,rs72778134,Build 37,3582991,A or G,G / G
CLUAP1,rs117232352,Build 37,3583925,C or T,C / C
NLRC3,rs74760019,Build 37,3594316,C or T,C / C
NLRC3,rs79766268,Build 37,3597075,C or T,C / C
NLRC3,rs12448257,Build 37,3599655,A or G,G / G
NLRC3,rs142571279,Build 37,3613263,C or T,C / C
NLRC3,rs77463028,Build 37,3613637,A or G,G / G
intergenic,rs62053747,Build 37,1389,A or G,G / G
intergenic,rs17055023,Build 37,2220,A or G,A / G
intergenic,rs146011014,Build 37,4493,A or G,A / A
DOC2B,rs145358347,Build 37,8187,C or T,C / C
DOC2B,rs6565705,Build 37,13905,A or G,A / G
DOC2B,rs140796858,Build 37,24036,A or G,G / G
DOC2B,rs8070440,Build 37,27151,A or G,G / G
intergenic,rs192248976,Build 37,37368,C or T,C / C
intergenic,rs4890174,Build 37,46755,G or T,G / T
intergenic,rs113075245,Build 37,48103,C or T,C / C
intergenic,rs4890184,Build 37,51166,A or G,A / G
intergenic,rs1882990,Build 37,51696,C or T,C / T
intergenic,rs1136388,Build 37,53011,C or T,C / T
intergenic,rs73273720,Build 37,60733,A or C,A / A
RPH3AL,rs7226358,Build 37,65351,C or T,T / T
RPH3AL,rs144069985,Build 37,69519,C or T,T / T
RPH3AL,rs72815384,Build 37,72213,C or T,C / C
RPH3AL,rs12450662,Build 37,72487,C or T,T / T
RPH3AL,rs75945161,Build 37,75944,A or G,A / A
RPH3AL,rs117633874,Build 37,76292,A or G,A / A
RPH3AL,rs11150888,Build 37,80594,A or G,A / G
RPH3AL,rs9674467,Build 37,81461,C or T,C / C
RPH3AL,rs73971663,Build 37,81593,A or G,A / A
RPH3AL,rs11651610,Build 37,86053,C or T,C / C
RPH3AL,rs143288190,Build 37,86256,A or G,G / G
RPH3AL,rs3923018,Build 37,86350,C or T,C / T
RPH3AL,rs7213702,Build 37,88813,A or G,A / G
RPH3AL,rs118050772,Build 37,92005,C or T,C / T
RPH3AL,rs58153628,Build 37,95989,A or C,C / C
RPH3AL,i707551,Build 37,97060,C or T,C / C
RPH3AL,rs4353524,Build 37,97609,A or G,A / G
RPH3AL,rs71372192,Build 37,102171,C or T,C / C
RPH3AL,rs7208985,Build 37,102179,C or T,C / T
RPH3AL,rs28515912,Build 37,103299,A or C,A / A
RPH3AL,rs60727688,Build 37,107843,A or G,A / A
RPH3AL,rs7212156,Build 37,110643,C or T,C / T
RPH3AL,rs8073513,Build 37,111099,C or T,C / T
RPH3AL,rs11656900,Build 37,111250,C or T,C / T
RPH3AL,rs56702013,Build 37,111695,A or G,A / G
RPH3AL,rs55695413,Build 37,113053,A or G,A / G
RPH3AL,rs4985594,Build 37,113390,C or T,C / C
RPH3AL,rs75718297,Build 37,113738,A or G,G / G
RPH3AL,rs4617924,Build 37,114669,A or C,A / C
RPH3AL,rs60794269,Build 37,115460,C or T,C / C
RPH3AL,rs72821637,Build 37,116431,A or G,A / A
RPH3AL,rs72806005,Build 37,117204,C or T,C / C
RPH3AL,rs7504058,Build 37,119162,A or G,A / G
RPH3AL,rs72806008,Build 37,123540,C or T,C / T
RPH3AL,rs77032846,Build 37,123961,A or G,G / G
RPH3AL,rs10871511,Build 37,126701,A or C,C / C
RPH3AL,rs35128325,Build 37,129705,A or G,G / G
RPH3AL,rs9906685,Build 37,131918,A or G,G / G
RPH3AL,rs35035943,Build 37,132528,C or T,C / C
RPH3AL,rs55856972,Build 37,134628,C or T,C / C
RPH3AL,rs55868427,Build 37,135080,A or G,A / G
RPH3AL,rs9915773,Build 37,135310,C or T,T / T
RPH3AL,rs66948451,Build 37,136397,A or G,A / A
RPH3AL,rs12601068,Build 37,139045,C or T,C / C
RPH3AL,rs72806029,Build 37,139250,C or T,C / T
RPH3AL,rs72806037,Build 37,141286,A or G,A / G
RPH3AL,rs7212943,Build 37,143542,A or G,A / A
RPH3AL,rs11867532,Build 37,146428,A or G,G / G
RPH3AL,rs28583833,Build 37,146883,A or G,A / G
RPH3AL,rs118042355,Build 37,147237,A or G,G / G
RPH3AL,rs66542400,Build 37,149583,A or G,G / G
RPH3AL,rs72806048,Build 37,152189,C or T,T / T
RPH3AL,rs12453473,Build 37,153229,A or G,A / A
RPH3AL,rs115983867,Build 37,154957,C or T,C / C
RPH3AL,rs77881364,Build 37,156278,C or T,T / T
RPH3AL,rs138184131,Build 37,159632,G or T,G / G
RPH3AL,rs78087852,Build 37,160168,C or T,C / T
RPH3AL,rs12452454,Build 37,161022,A or G,A / G
RPH3AL,rs9905262,Build 37,161436,A or G,G / G
RPH3AL,rs34240043,Build 37,171761,C or T,C / C
RPH3AL,rs72806070,Build 37,172591,A or G,G / G
RPH3AL,rs4985584,Build 37,172852,A or G,G / G
RPH3AL,rs7224337,Build 37,174121,C or T,T / T
RPH3AL,rs12603847,Build 37,175640,A or G,A / G
RPH3AL,rs112185861,Build 37,177014,A or G,A / A
RPH3AL,rs67434950,Build 37,177359,G or T,G / G
RPH3AL,rs34004952,Build 37,180361,A or G,A / A
"RPH3AL , LOC100506388",rs76348932,Build 37,181674,C or T,T / T
"RPH3AL , LOC100506388",rs9909914,Build 37,182119,C or T,C / T
RPH3AL,rs35386092,Build 37,185021,C or T,C / C
RPH3AL,rs12951485,Build 37,185083,C or T,C / C
RPH3AL,rs117024453,Build 37,185090,A or G,G / G
RPH3AL,rs73971747,Build 37,187283,C or T,C / C
RPH3AL,rs60963864,Build 37,192640,A or G,A / A
RPH3AL,rs4247114,Build 37,193188,A or G,A / A
RPH3AL,rs66459911,Build 37,193595,C or T,C / T
RPH3AL,rs9902299,Build 37,201000,A or G,A / G
RPH3AL,rs79808026,Build 37,201858,C or T,C / C
intergenic,rs8069970,Build 37,204759,A or G,A / G
intergenic,rs79699949,Build 37,205438,A or G,G / G
intergenic,rs9902221,Build 37,207618,C or T,C / T
intergenic,rs4985609,Build 37,208222,A or C,A / C
intergenic,rs11150877,Build 37,208573,A or G,A / A
intergenic,rs12939996,Build 37,208792,C or T,C / T
intergenic,rs62056168,Build 37,211004,A or G,G / G
intergenic,rs75434182,Build 37,225778,C or T,T / T
intergenic,rs8072831,Build 37,3073055,A or G,G / G
intergenic,rs4564609,Build 37,3078700,A or C,C / C
intergenic,i715034,Build 37,3080359,A or C,not determined
OR1A2,rs146311669,Build 37,3100937,— or ATCTGCTCATC,ATCTGCTCATC / ATCTGCTCATC
OR1A2,rs75713349,Build 37,3101573,C or T,C / C
OR1A2,rs12150427,Build 37,3101691,G or T,G / G
intergenic,rs4396567,Build 37,3110413,A or C,A / A
intergenic,rs4426379,Build 37,3115030,C or T,C / T
intergenic,rs4284687,Build 37,3115048,C or T,C / T
intergenic,rs9894016,Build 37,3118733,A or G,A / G
OR1A1,rs4325604,Build 37,3119008,C or T,C / C
intergenic,rs2459533,Build 37,3158009,A or C,C / C
intergenic,rs2469803,Build 37,3160405,A or C,A / C
intergenic,rs17222299,Build 37,3162307,A or G,A / A
intergenic,rs76727428,Build 37,3165109,A or G,G / G
intergenic,rs8079446,Build 37,3167327,G or T,G / T
intergenic,rs1976044,Build 37,3171043,A or C,A / A
intergenic,rs71360918,Build 37,3171902,A or G,G / G
OR3A2,rs61729398,Build 37,3181284,A or C,C / C
intergenic,rs231675,Build 37,3190599,C or T,C / T
intergenic,rs12946349,Build 37,3199177,C or T,T / T
intergenic,rs146689251,Build 37,3209137,G or T,T / T
intergenic,rs7218369,Build 37,3212640,A or G,G / G
intergenic,i715037,Build 37,3213053,A or G,G / G
OR3A4P,rs231678,Build 37,3214181,G or T,G / T
intergenic,rs141634141,Build 37,3245336,C or T,C / C
intergenic,rs139735696,Build 37,3245861,A or G,not determined
intergenic,rs62091291,Build 37,3250405,C or T,C / T
intergenic,rs375670332,Build 37,3261291,A or C,A / A
intergenic,rs56404472,Build 37,3262503,C or T,T / T
intergenic,rs9908553,Build 37,3284612,A or G,G / G
intergenic,rs35202424,Build 37,3288007,A or G,A / A
intergenic,rs75141463,Build 37,3291207,C or T,C / C
intergenic,rs183962161,Build 37,3295906,A or G,G / G
intergenic,rs226357,Build 37,3302988,A or G,G / G
intergenic,rs192614752,Build 37,3304813,C or T,C / C
intergenic,rs3912923,Build 37,3306409,G or T,G / G
intergenic,rs11652855,Build 37,3313063,G or T,T / T
intergenic,rs11656466,Build 37,3313127,C or T,C / C
intergenic,rs230437,Build 37,3318050,C or T,T / T
intergenic,rs10491216,Build 37,3320406,C or T,C / C
intergenic,rs16953018,Build 37,3321582,C or T,C / C
OR1E2,rs138426740,Build 37,3336401,— or CTTGCAGATA,CTTGCAGATA / CTTGCAGATA
OR1E2,rs542093121,Build 37,3336538,— or CAGAGCAGGCCAGCTTCAG,— / —
intergenic,rs12600860,Build 37,3337765,A or G,A / A
intergenic,rs9303174,Build 37,3342002,A or C,A / A
intergenic,rs227802,Build 37,3342315,A or G,A / G
SPATA22,rs9901726,Build 37,3343534,C or T,C / C
SPATA22,rs117159068,Build 37,3343748,C or T,C / C
SPATA22,rs117407216,Build 37,3350852,G or T,T / T
SPATA22,rs1488689,Build 37,3352294,A or G,A / A
SPATA22,rs76093397,Build 37,3356664,C or T,not determined
SPATA22,rs78199085,Build 37,3376286,A or G,G / G
"SPATA22 , ASPA",rs3829957,Build 37,3378876,C or T,C / C
"SPATA22 , ASPA",rs199565861,Build 37,3385087,A or G,A / A
"SPATA22 , ASPA",rs63751297,Build 37,3386791,A or G,A / A
"SPATA22 , ASPA",rs4790495,Build 37,3390008,G or T,G / T
"SPATA22 , ASPA",rs2200728,Build 37,3390260,C or T,T / T
"SPATA22 , ASPA",rs923375,Build 37,3393068,C or T,T / T
"SPATA22 , ASPA",rs8075119,Build 37,3393560,C or T,C / T
"SPATA22 , ASPA",rs6502728,Build 37,3394299,A or C,A / A
"SPATA22 , ASPA",rs2035938,Build 37,3396126,A or G,A / G
"SPATA22 , ASPA",rs12948217,Build 37,3397702,A or C or T,C / T
"SPATA22 , ASPA",rs12948872,Build 37,3397895,C or T,C / T
"SPATA22 , ASPA",rs11868193,Build 37,3399695,C or T,C / T
"SPATA22 , ASPA",rs78677072,Build 37,3402271,C or T,C / C
"SPATA22 , ASPA",rs140581464,Build 37,3402272,A or G,G / G
"SPATA22 , ASPA",rs28940279,Build 37,3402294,A or C,A / A
"SPATA22 , ASPA",rs28940574,Build 37,3402354,A or C,C / C
SPATA22,rs11656519,Build 37,3408335,C or T,T / T
SPATA22,rs12450574,Build 37,3412305,C or T,C / T
"SPATA22 , TRPV3",rs118043532,Build 37,3414482,C or T,T / T
"SPATA22 , TRPV3",rs9912448,Build 37,3415118,A or G,A / G
"SPATA22 , TRPV3",rs7208811,Build 37,3416555,A or C,A / A
TRPV3,rs11868275,Build 37,3417704,A or G,G / G
TRPV3,rs6502729,Build 37,3418400,C or T,C / C
TRPV3,rs7217270,Build 37,3421475,A or G,A / G
TRPV3,rs115515253,Build 37,3422030,A or G,A / A
TRPV3,rs9906883,Build 37,3423548,A or G,A / G
TRPV3,rs9895699,Build 37,3425788,G or T,G / T
TRPV3,rs75084728,Build 37,3427458,A or G,G / G
TRPV3,rs200894372,Build 37,3427506,C or T,C / C
TRPV3,rs7212403,Build 37,3429303,A or G,A / A
TRPV3,rs4790145,Build 37,3431686,A or G,A / G
TRPV3,rs116535534,Build 37,3433458,A or G,G / G
TRPV3,rs201487087,Build 37,3433472,G or T,T / T
TRPV3,rs80071034,Build 37,3435062,A or G,A / A
TRPV3,rs395357,Build 37,3436080,C or T,C / C
TRPV3,rs449948,Build 37,3439249,A or C,A / A
TRPV3,i712525,Build 37,3440229,G or T,G / T
TRPV3,rs322942,Build 37,3444243,C or T,C / T
TRPV3,rs322937,Build 37,3446885,C or T,T / T
TRPV3,rs9911213,Build 37,3448434,A or G,A / A
TRPV3,rs117839303,Build 37,3452287,G or T,T / T
TRPV3,rs77999006,Build 37,3454817,C or T,C / C
TRPV3,rs4790519,Build 37,3456735,C or T,C / C
TRPV3,rs62069874,Build 37,3457432,C or T,T / T
intergenic,rs193146269,Build 37,3462266,C or T,T / T
intergenic,rs879207,Build 37,3466596,A or G,G / G
TRPV1,rs146183848,Build 37,3470167,A or G,G / G
intergenic,rs77459974,Build 37,11358,A or G,G / G
TUBB8B,rs750758135,Build 37,48227,— or TG,not determined
TUBB8B,rs767740482,Build 37,49124,— or CTCAC,— / —
TUBB8B,rs184028554,Build 37,49515,A or G,G / G
intergenic,i715243,Build 37,56514,G or T,T / T
IL9RP4,rs180801787,Build 37,81642,A or C,C / C
intergenic,rs113299446,Build 37,122517,C or T,C / C
intergenic,rs79235997,Build 37,134177,A or G,G / G
intergenic,rs4797697,Build 37,139767,C or T,C / C
intergenic,rs143075292,Build 37,140759,C or T,C / C
intergenic,rs72856217,Build 37,155280,A or G,G / G
USP14,rs545684,Build 37,159382,A or G,A / A
USP14,rs77205434,Build 37,161221,C or T,C / C
USP14,rs563155,Build 37,166819,C or T,T / T
USP14,rs140878922,Build 37,173719,A or G,G / G
USP14,rs75764515,Build 37,180584,A or C,C / C
USP14,rs1274275,Build 37,188526,C or T,C / T
USP14,rs62073491,Build 37,191652,C or T,C / C
USP14,rs681760,Build 37,195644,G or T,T / T
USP14,rs74850634,Build 37,202197,A or G,A / A
USP14,rs145073320,Build 37,205989,A or G,G / G
USP14,rs9951575,Build 37,213592,A or G,A / G
THOC1,rs8094221,Build 37,220341,A or C,A / C
THOC1,rs55967466,Build 37,224637,C or T,T / T
THOC1,rs2236656,Build 37,225985,A or G,G / G
THOC1,rs71352929,Build 37,227116,A or G,A / A
THOC1,rs117840858,Build 37,228092,C or T,C / C
THOC1,rs3744970,Build 37,259148,A or G,G / G
intergenic,rs9635847,Build 37,271335,A or G,A / A
intergenic,rs191870837,Build 37,273434,C or T,T / T
intergenic,rs7226677,Build 37,278796,A or G,A / A
intergenic,rs116907095,Build 37,283900,C or T,T / T
intergenic,rs620837,Build 37,286971,A or C,A / C
intergenic,rs116986349,Build 37,294906,G or T,T / T
intergenic,rs585955,Build 37,295046,G or T,G / T
intergenic,rs503436,Build 37,297805,A or G,A / G
intergenic,rs62073536,Build 37,297913,A or G,G / G
intergenic,rs116858912,Build 37,298506,G or T,G / G
intergenic,rs16942188,Build 37,303811,A or G,A / A
intergenic,rs113971234,Build 37,304244,G or T,G / T
intergenic,rs147773641,Build 37,308400,G or T,not determined
intergenic,rs74585125,Build 37,308782,C or T,C / C
intergenic,rs79850338,Build 37,310011,A or C,A / A
intergenic,rs117418843,Build 37,311798,C or T,C / C
intergenic,rs668340,Build 37,312221,C or T,C / T
intergenic,rs80269790,Build 37,314269,C or T,T / T
intergenic,rs60318638,Build 37,316349,C or T,T / T
intergenic,rs56198104,Build 37,316352,A or G,G / G
COLEC12,rs10660,Build 37,319446,A or C,A / C
COLEC12,rs142471510,Build 37,321773,A or G,G / G
COLEC12,rs56358858,Build 37,323247,A or C,C / C
COLEC12,rs79221811,Build 37,328726,A or G,G / G
COLEC12,rs34573899,Build 37,331733,A or G,G / G
COLEC12,rs8094638,Build 37,332469,G or T,T / T
COLEC12,rs147318026,Build 37,333009,C or G,G / G
COLEC12,rs78355758,Build 37,333816,C or T,C / C
COLEC12,rs77962671,Build 37,338054,C or T,C / C
COLEC12,rs55897009,Build 37,338482,C or T,not determined
COLEC12,rs1977932,Build 37,339727,C or T,T / T
COLEC12,rs74257626,Build 37,340815,A or G,G / G
COLEC12,rs141796239,Build 37,341148,C or T,C / C
COLEC12,rs118100458,Build 37,343869,A or G,G / G
COLEC12,rs117086375,Build 37,351378,C or T,C / C
COLEC12,rs17451816,Build 37,354059,A or G,A / A
COLEC12,rs588029,Build 37,354439,A or G,A / G
COLEC12,rs644435,Build 37,355944,A or G,A / A
COLEC12,rs3810040,Build 37,357247,A or G,G / G
COLEC12,rs612879,Build 37,361437,A or G,A / A
COLEC12,rs618671,Build 37,362199,A or G,A / A
COLEC12,rs672854,Build 37,364326,A or G,G / G
COLEC12,rs79683476,Build 37,364907,A or G,G / G
COLEC12,rs112715669,Build 37,365030,C or T,C / C
COLEC12,rs675464,Build 37,365728,C or T,C / C
COLEC12,rs592379,Build 37,365758,C or T,T / T
COLEC12,rs1320665,Build 37,367725,A or C,C / C
COLEC12,rs76025751,Build 37,369236,C or T,C / T
COLEC12,rs78928382,Build 37,370039,A or G,A / A
COLEC12,rs79423730,Build 37,371396,A or G,A / G
COLEC12,rs12967313,Build 37,372041,C or T,C / C
COLEC12,rs75663680,Build 37,373036,A or G,G / G
COLEC12,rs9945820,Build 37,373670,C or T,C / C
COLEC12,rs7240445,Build 37,374117,A or G,A / A
COLEC12,rs12458576,Build 37,375021,A or G,A / A
COLEC12,rs2009107,Build 37,376602,C or T,T / T
COLEC12,rs11663304,Build 37,381704,A or G,A / A
COLEC12,rs62087985,Build 37,383651,C or T,C / C
COLEC12,rs6506133,Build 37,387120,A or G,G / G
COLEC12,rs62087987,Build 37,389950,C or T,T / T
COLEC12,rs9964252,Build 37,392795,A or G,G / G
COLEC12,rs78868816,Build 37,397746,A or G,A / G
COLEC12,rs3932728,Build 37,398147,C or T,C / C
COLEC12,rs1539790,Build 37,401573,A or G,G / G
COLEC12,rs75048533,Build 37,403622,C or T,T / T
COLEC12,rs9965609,Build 37,407041,C or T,C / C
COLEC12,rs71352940,Build 37,407425,A or G,G / G
COLEC12,rs72861860,Build 37,409864,A or C,A / A
COLEC12,rs10459986,Build 37,414876,G or T,G / G
COLEC12,rs722725,Build 37,415105,C or T,T / T
COLEC12,rs9960735,Build 37,418106,C or T,C / C
COLEC12,rs2621203,Build 37,426016,C or T,C / C
DLGAP1,rs79740357,Build 37,3625651,A or G,G / G
DLGAP1,rs28558433,Build 37,3630514,C or T,C / T
DLGAP1,rs191249668,Build 37,3641096,C or T,C / C
DLGAP1,rs17725408,Build 37,3645894,A or G,A / A
DLGAP1,rs117841850,Build 37,3653874,A or C,A / A
DLGAP1,rs79552159,Build 37,3654381,A or C,C / C
DLGAP1,rs1675240,Build 37,3655393,A or G,A / A
DLGAP1,rs2270195,Build 37,3656058,C or T,T / T
DLGAP1,rs12604684,Build 37,3657036,A or G,A / A
DLGAP1,rs59803269,Build 37,3657122,C or T,C / C
DLGAP1,rs3862168,Build 37,3658838,C or T,T / T
DLGAP1,rs11081062,Build 37,3662879,C or T,C / C
DLGAP1,rs113072982,Build 37,3666247,A or C,C / C
DLGAP1,rs57899013,Build 37,3667553,C or T,T / T
DLGAP1,rs1380775,Build 37,3667903,C or T,C / C
DLGAP1,rs116976607,Build 37,3670816,C or T,C / C
DLGAP1,rs117404917,Build 37,3671262,A or G,G / G
DLGAP1,rs72857769,Build 37,3673175,A or G,G / G
DLGAP1,rs615916,Build 37,3683212,C or T,T / T
DLGAP1,rs168206,Build 37,3693772,G or T,T / T
DLGAP1,rs342486,Build 37,3703559,C or T,C / T
DLGAP1,rs34223181,Build 37,3704587,A or G,A / G
DLGAP1,rs342477,Build 37,3709049,C or T,C / C
DLGAP1,rs4798110,Build 37,3717383,C or T,C / T
DLGAP1,rs9789189,Build 37,3718526,A or G,G / G
DLGAP1,rs439890,Build 37,3720081,C or T,C / T
DLGAP1,rs10084107,Build 37,3723330,A or G,G / G
DLGAP1,rs2216356,Build 37,3725807,A or G,A / G
DLGAP1,rs36050078,Build 37,3725832,C or T,T / T
DLGAP1,rs9945169,Build 37,3731202,C or T,C / T
DLGAP1,rs918174,Build 37,3736629,C or T,C / T
DLGAP1,rs2003033,Build 37,3746791,C or T,T / T
DLGAP1,rs76346524,Build 37,3753116,C or T,T / T
DLGAP1,rs116916599,Build 37,3758248,C or T,T / T
DLGAP1,rs75650551,Build 37,3759055,C or T,T / T
DLGAP1,rs3959690,Build 37,3768254,A or G,A / A
DLGAP1,rs3909245,Build 37,3769789,A or G,A / G
DLGAP1,rs75379260,Build 37,3772218,C or T,not determined
DLGAP1,rs3844078,Build 37,3774136,A or G,A / G
DLGAP1,rs8097867,Build 37,3774446,C or T,C / C
DLGAP1,i715214,Build 37,3776116,A or G,G / G
DLGAP1,rs3786443,Build 37,3776564,C or T,T / T
DLGAP1,rs67443000,Build 37,3782808,A or C,C / C
DLGAP1,rs7230741,Build 37,3784627,C or T,C / C
DLGAP1,rs4798131,Build 37,3789544,C or T,C / T
DLGAP1,rs79509684,Build 37,3789624,A or G,G / G
DLGAP1,rs16945381,Build 37,3791194,A or G,A / G
DLGAP1,rs9949946,Build 37,3797659,A or G,A / A
DLGAP1,rs16945399,Build 37,3799334,A or G,A / G
DLGAP1,rs7241626,Build 37,3803043,C or T,T / T
DLGAP1,rs72861986,Build 37,3803170,C or T,T / T
DLGAP1,rs3786433,Build 37,3811945,C or T,C / C
DLGAP1,rs12607903,Build 37,3817134,C or T,C / T
DLGAP1,rs74596848,Build 37,3817694,C or T,T / T
DLGAP1,rs17649488,Build 37,3817956,A or G,A / A
DLGAP1,rs3985697,Build 37,3822871,C or T,C / T
DLGAP1,rs117306696,Build 37,3825805,A or C,C / C
DLGAP1,rs76161924,Build 37,3832087,A or G,G / G
DLGAP1,rs16945492,Build 37,3839896,A or G,A / G
DLGAP1,rs7230746,Build 37,3842002,A or G,A / G
DLGAP1,rs11873190,Build 37,3842566,C or T,C / T
DLGAP1,rs117287599,Build 37,3844617,C or T,C / C
DLGAP1,rs3915772,Build 37,3848826,C or T,T / T
DLGAP1,rs117162761,Build 37,3858085,A or G,A / A
DLGAP1,rs139811671,Build 37,3858976,A or G,G / G
DLGAP1,rs112497938,Build 37,3860298,A or C,A / C
DLGAP1,rs17650376,Build 37,3864912,C or T,T / T
DLGAP1,rs3910707,Build 37,3873447,A or C,C / C
DLGAP1,rs77201579,Build 37,3873860,C or T,C / C
DLGAP1,rs76321471,Build 37,3875133,C or T,C / T
DLGAP1,rs117041134,Build 37,3877645,C or T,T / T
"DLGAP1 , DLGAP1-AS3",rs149485021,Build 37,3880155,A or G,A / A
"DLGAP1 , DLGAP1-AS3",rs9635813,Build 37,3895467,C or T,C / T
DLGAP1,rs74705521,Build 37,3897258,A or G,G / G
DLGAP1,rs111987098,Build 37,3900480,A or C,C / C
DLGAP1,rs62083566,Build 37,3906570,C or T,C / C
DLGAP1,rs11872374,Build 37,3914585,C or T,C / T
DLGAP1,rs144229533,Build 37,3916024,C or T,T / T
DLGAP1,rs74976428,Build 37,3916619,A or G,G / G
DLGAP1,rs9966933,Build 37,3918823,A or G,A / G
DLGAP1,rs16945655,Build 37,3921133,C or T,C / T
DLGAP1,rs113386383,Build 37,3923171,A or C,C / C
DLGAP1,rs77549255,Build 37,3924497,A or C,C / C
DLGAP1,rs4076011,Build 37,3925961,C or T,C / T
DLGAP1,rs4453599,Build 37,3926400,A or G,A / G
DLGAP1,rs8083353,Build 37,3933426,A or G,A / A
DLGAP1,rs16945681,Build 37,3936384,A or G,A / G
DLGAP1,rs6506142,Build 37,3952770,A or G,A / A
DLGAP1,rs11874767,Build 37,3952917,G or T,G / T
DLGAP1,rs75031519,Build 37,3953304,C or T,C / T
DLGAP1,rs8092654,Build 37,3956145,C or T,C / C
DLGAP1,rs9948573,Build 37,3958843,A or G,A / G
DLGAP1,rs17652165,Build 37,3961217,C or T,C / T
DLGAP1,rs58939787,Build 37,3962028,A or C,A / A
"DLGAP1 , DLGAP1-AS4",rs1442381,Build 37,3963716,C or T,C / C
"DLGAP1 , DLGAP1-AS4",rs75321103,Build 37,3964446,C or T,T / T
"DLGAP1 , DLGAP1-AS4",rs7239044,Build 37,3965251,A or G,A / A
"DLGAP1 , DLGAP1-AS4",rs79747906,Build 37,3967852,C or T,T / T
"DLGAP1 , DLGAP1-AS4",rs7240977,Build 37,3971115,A or G,G / G
"DLGAP1 , DLGAP1-AS4 , GAPDHP66",rs67305776,Build 37,3978576,C or T,C / C
OR4F17,rs758845698,Build 37,110925,— or AA,AA / AA
intergenic,rs143370410,Build 37,247265,G or T,G / G
intergenic,rs371557351,Build 37,252114,A or C,C / C
intergenic,rs150666353,Build 37,255924,A or G,G / G
intergenic,rs78534646,Build 37,260137,A or G,G / G
intergenic,rs11668555,Build 37,267213,C or T,C / T
intergenic,rs112207489,Build 37,270322,A or C,not determined
intergenic,rs11881658,Build 37,277717,A or G,G / G
intergenic,rs77504545,Build 37,280712,C or T,C / C
PLPP2,rs61745392,Build 37,287703,A or G,G / G
PLPP2,rs12981067,Build 37,288374,C or T,C / T
PLPP2,rs10410591,Build 37,288771,G or T,T / T
intergenic,rs3813154,Build 37,292082,C or T,C / T
intergenic,rs1077446,Build 37,293913,C or T,C / T
intergenic,rs77790410,Build 37,294306,C or T,T / T
intergenic,rs1108414,Build 37,294457,C or T,C / T
intergenic,rs114187424,Build 37,296777,A or G,G / G
intergenic,rs4897940,Build 37,301639,A or G,A / G
intergenic,rs76159277,Build 37,304492,G or T,T / T
intergenic,rs4897943,Build 37,304499,C or T,C / T
MIER2,rs77028848,Build 37,308045,C or T,T / T
MIER2,rs117919969,Build 37,316586,A or G,G / G
MIER2,rs7250095,Build 37,318308,C or T,C / C
MIER2,rs7258924,Build 37,318423,A or G,G / G
MIER2,rs4897946,Build 37,319822,A or G,A / G
MIER2,rs117357201,Build 37,320892,A or G,G / G
MIER2,i715349,Build 37,335338,C or T,C / C
MIER2,rs3816322,Build 37,335946,A or G,A / A
MIER2,rs2166359,Build 37,342617,C or T,T / T
intergenic,rs117872315,Build 37,345583,G or T,G / G
intergenic,rs56365048,Build 37,346867,A or G,A / A
intergenic,rs149727776,Build 37,351807,C or T,T / T
intergenic,rs112236524,Build 37,361942,C or T,C / C
THEG,rs113739665,Build 37,362108,C or T,T / T
THEG,rs3764656,Build 37,362283,C or T,C / C
THEG,rs112134523,Build 37,362941,C or T,C / C
THEG,rs116891054,Build 37,364005,C or T,C / C
THEG,rs73506558,Build 37,366234,C or T,T / T
THEG,rs118058603,Build 37,366881,C or T,T / T
THEG,rs10422863,Build 37,367089,A or G,G / G
THEG,rs585487,Build 37,367313,A or G,G / G
THEG,rs3795000,Build 37,368812,A or G,A / A
THEG,rs6510735,Build 37,369526,C or T,C / C
THEG,rs71335238,Build 37,370802,A or G,G / G
THEG,rs3795002,Build 37,371899,C or T,C / C
THEG,rs2303810,Build 37,372661,A or C,C / C
THEG,rs35119230,Build 37,372689,A or G,G / G
THEG,rs2303813,Build 37,372875,C or T,C / T
THEG,rs73489977,Build 37,373531,C or T,C / C
THEG,rs2303814,Build 37,373673,A or G,G / G
THEG,rs2303815,Build 37,374016,A or G,G / G
THEG,rs762664293,Build 37,374526,A or C,A / A
THEG,rs75718286,Build 37,375220,A or G,G / G
intergenic,rs3764571,Build 37,376382,C or T,C / T
intergenic,rs72986500,Build 37,378150,A or G,A / G
intergenic,rs76957837,Build 37,379164,A or C,A / A
intergenic,rs59372439,Build 37,384517,C or T,T / T
intergenic,rs59918010,Build 37,385093,C or T,T / T
intergenic,rs111816487,Build 37,385465,A or G,A / A
intergenic,rs111688272,Build 37,388012,A or G,G / G
intergenic,rs78844440,Build 37,388463,G or T,G / G
intergenic,rs72988413,Build 37,389039,A or G,A / G
intergenic,rs4897965,Build 37,389805,C or T,C / C
intergenic,rs79567074,Build 37,390200,A or C,C / C
intergenic,rs73501931,Build 37,392102,A or G,G / G
intergenic,rs74650333,Build 37,392284,C or T,C / C
intergenic,rs73501938,Build 37,396396,A or C,C / C
intergenic,rs4897971,Build 37,397531,C or T,C / T
intergenic,rs118185404,Build 37,399132,C or T,C / C
intergenic,rs62102086,Build 37,401048,G or T,G / G
intergenic,rs73916961,Build 37,401213,A or G,A / A
intergenic,rs12979829,Build 37,401481,C or T,C / C
intergenic,rs731335,Build 37,402491,A or G,G / G
intergenic,rs59169062,Build 37,405164,C or T,C / T
C2CD4C,rs34282976,Build 37,405541,A or G,A / A
C2CD4C,rs1061151,Build 37,405568,C or T,C / C
C2CD4C,rs45613932,Build 37,406105,A or G,A / A
C2CD4C,rs72988457,Build 37,406655,A or G,A / A
C2CD4C,rs7247159,Build 37,406724,A or G,A / G
C2CD4C,rs117685610,Build 37,406783,A or G,G / G
C2CD4C,rs12978500,Build 37,406934,A or C,A / C
intergenic,rs753948,Build 37,412730,C or T,C / C
intergenic,rs16990426,Build 37,416231,C or T,C / T
SHC2,rs72988477,Build 37,417588,C or T,C / C
SHC2,rs73916973,Build 37,418056,A or G,A / A
SHC2,rs12609625,Build 37,418556,A or G,G / G
SHC2,rs12981152,Build 37,418769,A or G,A / A
SHC2,rs61749990,Build 37,418948,C or T,C / C
SHC2,rs10408164,Build 37,419407,A or G,G / G
SHC2,rs190693429,Build 37,422199,C or T,C / C
SHC2,rs2287960,Build 37,422238,G or T,G / G
SHC2,rs1129192,Build 37,422592,C or T,T / T
SHC2,rs56799909,Build 37,424416,A or G,G / G
SHC2,rs116858377,Build 37,425343,A or C,C / C
SHC2,rs66783016,Build 37,426974,C or T,C / C
SHC2,rs181971319,Build 37,436240,A or G,G / G
SHC2,rs2066959,Build 37,436690,C or T,C / C
SHC2,rs78168814,Build 37,440655,C or T,C / C
SHC2,rs117932318,Build 37,444372,C or T,not determined
SHC2,rs75538755,Build 37,444417,C or T,T / T
intergenic,rs112376900,Build 37,3089244,A or G,A / A
intergenic,rs307722,Build 37,3090536,C or T,T / T
intergenic,rs75020370,Build 37,3090719,C or T,C / C
intergenic,rs61654897,Build 37,3090880,A or C,C / C
intergenic,rs4806907,Build 37,3093163,C or T,T / T
GNA11,rs2238623,Build 37,3095969,G or T,T / T
GNA11,rs118100825,Build 37,3097648,A or G,G / G
GNA11,rs71339167,Build 37,3098612,C or T,C / C
GNA11,rs308035,Build 37,3099555,A or G,A / G
GNA11,rs72975256,Build 37,3100479,A or G,A / A
GNA11,rs2238625,Build 37,3104652,C or T,T / T
GNA11,rs308054,Build 37,3105987,A or G,A / G
GNA11,rs59406378,Build 37,3106945,A or G,G / G
GNA11,rs308059,Build 37,3107997,C or T,C / T
GNA11,rs75966063,Build 37,3111118,C or T,T / T
GNA11,rs111786217,Build 37,3111537,A or G,G / G
GNA11,rs55702727,Build 37,3113156,A or G,G / G
GNA11,rs72975294,Build 37,3114177,G or T,G / G
GNA11,rs3786947,Build 37,3114229,A or G,G / G
GNA11,rs55849164,Build 37,3118514,C or T,C / C
GNA11,rs116848044,Build 37,3119198,C or T,C / C
GNA11,rs35851749,Build 37,3119871,A or G,G / G
intergenic,rs76967867,Build 37,3124725,A or G,A / A
intergenic,rs76826081,Build 37,3129368,C or T,C / C
intergenic,rs1388481,Build 37,3133406,A or G,G / G
intergenic,rs310686,Build 37,3133853,C or T,C / C
GNA15,rs1465245,Build 37,3136845,C or T,C / T
GNA15,rs72981182,Build 37,3138313,C or T,C / C
GNA15,rs12975183,Build 37,3140786,C or T,T / T
"GNA15 , LOC100996351",rs399799,Build 37,3142233,A or C,A / C
"GNA15 , LOC100996351",rs78589526,Build 37,3142273,A or G,G / G
"GNA15 , LOC100996351",rs1688124,Build 37,3143069,G or T,G / G
"GNA15 , LOC100996351",rs432893,Build 37,3143182,C or T,C / T
"GNA15 , LOC100996351",rs399725,Build 37,3143283,G or T,T / T
"GNA15 , LOC100996351",i715337,Build 37,3144795,A or G,not determined
"GNA15 , LOC100996351",rs60194717,Build 37,3148069,G or T,T / T
"GNA15 , LOC100996351",rs3815310,Build 37,3150071,G or T,G / G
"GNA15 , LOC100996351",rs310678,Build 37,3152298,C or T,C / T
GNA15,rs2074864,Build 37,3155736,C or T,T / T
GNA15,rs11880198,Build 37,3159769,A or G,A / A
GNA15,rs17347521,Build 37,3160385,A or G,A / A
intergenic,rs1682809,Build 37,3165895,A or G,G / G
intergenic,rs8103208,Build 37,3168137,C or T,C / C
intergenic,rs1637664,Build 37,3168321,A or C,A / A
intergenic,rs10421389,Build 37,3171565,A or G,A / A
intergenic,rs72985003,Build 37,3171926,A or C,A / A
intergenic,i715340,Build 37,3173919,C or T,T / T
intergenic,rs3760960,Build 37,3176170,A or G,A / A
intergenic,rs567806,Build 37,3177279,C or T,C / T
S1PR4,rs61731111,Build 37,3179517,C or T,C / C
intergenic,rs507872,Build 37,3185553,A or G,A / G
intergenic,rs45579238,Build 37,3185607,A or G,G / G
NCLN,rs311617,Build 37,3196667,C or T,C / C
NCLN,rs13382069,Build 37,3196790,A or G,G / G
NCLN,rs2304248,Build 37,3198817,A or G,G / G
NCLN,rs113309714,Build 37,3199332,A or G,G / G
NCLN,rs3816054,Build 37,3207422,C or T,T / T
NCLN,rs2288949,Build 37,3207646,A or G,A / A
intergenic,rs312077,Build 37,3211221,A or G,G / G
intergenic,rs185973009,Build 37,3216120,C or T,C / C
intergenic,rs117379401,Build 37,3216551,A or G,G / G
intergenic,rs372776,Build 37,3217069,A or G,A / A
CELF5,rs4807425,Build 37,3229224,A or G,G / G
CELF5,rs312067,Build 37,3230368,G or T,G / T
CELF5,rs112031677,Build 37,3243850,C or T,C / C
CELF5,rs72987040,Build 37,3251116,A or C,C / C
CELF5,rs17764205,Build 37,3251219,G or T,T / T
CELF5,rs117395381,Build 37,3254079,A or G,G / G
CELF5,rs112570652,Build 37,3255789,A or G,G / G
CELF5,i715345,Build 37,3263782,A or G,A / A
CELF5,rs66654893,Build 37,3263999,G or T,G / G
CELF5,rs8100695,Build 37,3264236,A or C,C / C
CELF5,rs7249700,Build 37,3264334,C or T,T / T
CELF5,rs11085007,Build 37,3267304,A or G,A / A
CELF5,rs79961355,Build 37,3269743,C or T,T / T
CELF5,rs312932,Build 37,3271885,A or C,A / C
CELF5,rs12984431,Build 37,3271948,C or T,C / T
CELF5,rs117948041,Build 37,3272088,A or G,G / G
CELF5,rs12461055,Build 37,3272422,C or T,C / C
CELF5,rs2315915,Build 37,3277094,C or T,T / T
CELF5,rs36030381,Build 37,3281298,A or G,G / G
CELF5,rs7257762,Build 37,3281586,A or G,A / A
CELF5,rs45604336,Build 37,3296923,C or T,C / C
intergenic,rs4807437,Build 37,3309021,G or T,G / G
intergenic,rs1651898,Build 37,3309635,C or T,C / C
intergenic,rs8111488,Build 37,3311830,A or G,G / G
intergenic,rs118186046,Build 37,3318498,C or T,C / C
intergenic,rs11666685,Build 37,3319781,C or T,T / T
intergenic,rs56930684,Build 37,3321352,C or T,C / C
intergenic,rs28859095,Build 37,3329809,A or G,A / G
intergenic,rs111707426,Build 37,3331139,A or C,not determined
intergenic,i715346,Build 37,3332288,C or T,not determined
intergenic,rs55740449,Build 37,3334232,C or T,C / C
intergenic,rs35792294,Build 37,3337704,A or G,G / G
intergenic,rs115770048,Build 37,3340032,A or G,G / G
intergenic,rs35699402,Build 37,3340548,G or T,T / T
intergenic,rs10405694,Build 37,3342306,A or G,G / G
intergenic,rs117097444,Build 37,3346542,A or G,G / G
intergenic,rs759635,Build 37,3351890,C or T,C / T
intergenic,rs733288,Build 37,3352006,C or T,C / C
intergenic,rs6078030,Build 37,61098,C or T,C / C
intergenic,rs6076506,Build 37,63231,G or T,G / T
DEFB125,rs60263736,Build 37,70980,A or G,G / G
DEFB125,rs892665,Build 37,75254,A or C,A / C
intergenic,rs75507632,Build 37,90814,C or T,T / T
intergenic,rs13039134,Build 37,92366,A or G,A / G
intergenic,rs6052070,Build 37,96931,A or G,A / A
intergenic,rs6037772,Build 37,100505,C or T,T / T
intergenic,rs6116236,Build 37,100699,C or T,C / C
intergenic,rs6139361,Build 37,101362,A or G,G / G
intergenic,rs6052831,Build 37,106704,C or T,T / T
intergenic,rs74634058,Build 37,119534,A or G,A / A
DEFB126,rs75442118,Build 37,126149,C or T,T / T
intergenic,rs11699458,Build 37,127194,C or T,T / T
intergenic,rs117883301,Build 37,129608,C or T,T / T
intergenic,rs73071828,Build 37,136983,C or T,T / T
DEFB127,rs76169392,Build 37,139741,C or T,C / C
intergenic,rs73600342,Build 37,139927,A or G,A / A
intergenic,rs13036722,Build 37,168020,C or T,T / T
DEFB128,rs74181522,Build 37,168558,A or G,A / A
DEFB128,rs75216910,Build 37,169609,C or T,T / T
DEFB128,rs722829,Build 37,169701,A or G,G / G
intergenic,rs17760013,Build 37,170820,A or G,A / A
intergenic,rs149768097,Build 37,176028,C or T,C / C
intergenic,rs190064039,Build 37,178283,G or T,G / G
intergenic,rs112982377,Build 37,181717,A or G,A / A
intergenic,rs6078732,Build 37,186405,A or G,G / G
intergenic,rs36084977,Build 37,187087,C or T,T / T
intergenic,rs190562446,Build 37,201609,A or C,A / A
intergenic,rs73058580,Build 37,211564,C or T,T / T
intergenic,rs73600385,Build 37,213854,C or T,C / T
intergenic,rs116847968,Build 37,215477,A or G,G / G
intergenic,rs10485818,Build 37,220303,A or C,C / C
intergenic,rs1978761,Build 37,222836,C or T,T / T
intergenic,rs73060564,Build 37,227024,A or G,G / G
DEFB132,rs73892099,Build 37,239449,A or G,G / G
DEFB132,rs73892100,Build 37,239519,A or G,A / G
DEFB132,rs73060596,Build 37,241638,A or G,A / G
intergenic,rs73062403,Build 37,244985,A or G,A / G
intergenic,rs381295,Build 37,248926,A or C,A / C
intergenic,rs6045924,Build 37,251494,G or T,G / T
C20orf96,rs78365949,Build 37,253451,A or G,G / G
C20orf96,rs6112512,Build 37,256002,C or T,C / T
C20orf96,rs111450572,Build 37,256485,A or C,not determined
C20orf96,rs3827150,Build 37,256886,A or G,A / G
C20orf96,rs3827153,Build 37,257032,A or G,G / G
C20orf96,rs73891908,Build 37,261276,A or G,A / G
C20orf96,rs116876909,Build 37,262226,C or T,C / T
C20orf96,rs7268073,Build 37,263011,G or T,G / T
C20orf96,rs6082236,Build 37,268299,A or G,G / G
C20orf96,rs6082267,Build 37,269006,C or T,C / T
C20orf96,rs755584717,Build 37,271236,G or T,G / G
intergenic,rs6075791,Build 37,272437,A or G,A / A
intergenic,rs75873687,Build 37,273616,C or T,C / C
intergenic,rs4815112,Build 37,283877,C or T,C / T
intergenic,rs6048226,Build 37,285323,A or G,G / G
intergenic,rs7260831,Build 37,285381,A or G,A / A
intergenic,rs6082812,Build 37,286838,A or C,C / C
intergenic,rs6075996,Build 37,288922,A or G,A / A
intergenic,rs4813476,Build 37,289785,A or G,A / G
intergenic,rs6113941,Build 37,290257,A or G,G / G
intergenic,rs963278,Build 37,291165,G or T,G / T
intergenic,rs6048655,Build 37,291881,C or T,C / T
intergenic,rs77859804,Build 37,292615,A or G,A / A
intergenic,rs6036434,Build 37,294247,A or G,G / G
intergenic,rs6049002,Build 37,296172,C or T,C / T
intergenic,rs6049015,Build 37,296374,C or T,C / T
intergenic,rs144577031,Build 37,300011,A or G,G / G
NRSN2-AS1,rs11907578,Build 37,302382,C or T,C / C
NRSN2-AS1,rs6036816,Build 37,304086,C or T,C / C
SOX12,rs1047527,Build 37,308976,C or T,C / C
SOX12,rs74505338,Build 37,309361,A or G,G / G
intergenic,rs742609,Build 37,311368,A or G,G / G
intergenic,rs6050953,Build 37,317911,A or G,G / G
intergenic,rs1008223,Build 37,321407,C or T,C / C
intergenic,rs118169114,Build 37,327037,A or G,G / G
NRSN2,rs28372934,Build 37,327473,A or G,A / G
NRSN2,rs6051373,Build 37,328959,A or C,C / C
NRSN2,rs66550923,Build 37,329769,C or T,C / T
NRSN2,rs6115682,Build 37,333463,A or G,A / A
NRSN2,rs34012633,Build 37,333871,A or G,G / G
intergenic,rs6115706,Build 37,340235,A or G,A / A
intergenic,rs6076438,Build 37,341868,A or G,A / A
intergenic,rs73071026,Build 37,343889,C or T,C / C
intergenic,rs6084202,Build 37,344631,A or G,A / G
intergenic,rs1555318,Build 37,345617,C or T,C / T
intergenic,rs6051520,Build 37,351944,G or T,T / T
intergenic,rs6051524,Build 37,352717,A or G,A / G
intergenic,rs13433367,Build 37,354410,A or G,G / G
intergenic,rs11698987,Build 37,355167,A or G,A / G
intergenic,rs6037460,Build 37,356785,A or G,A / G
TRIB3,rs7263718,Build 37,362281,A or G,A / A
TRIB3,rs111247861,Build 37,362795,A or G,G / G
TRIB3,rs11696299,Build 37,362945,A or C,C / C
TRIB3,rs7265169,Build 37,364747,A or C,C / C
TRIB3,rs6051597,Build 37,365494,A or G,G / G
TRIB3,rs138193198,Build 37,368877,A or G,G / G
TRIB3,rs6133018,Build 37,370516,C or T,C / C
TRIB3,rs8120854,Build 37,371781,C or T,C / C
TRIB3,rs138380491,Build 37,371958,A or G,G / G
intergenic,rs188612356,Build 37,3663607,C or G,not determined
intergenic,rs513220,Build 37,3665765,A or G,G / G
intergenic,rs8124665,Build 37,3666952,A or G,A / A
SIGLEC1,rs671650,Build 37,3669165,G or T,T / T
SIGLEC1,rs139142426,Build 37,3670249,C or T,C / C
SIGLEC1,rs143489222,Build 37,3672046,C or T,C / C
SIGLEC1,rs45611736,Build 37,3672389,G or T,T / T
SIGLEC1,rs200539652,Build 37,3672652,A or G,G / G
SIGLEC1,rs200137244,Build 37,3673296,A or G,A / A
SIGLEC1,rs199636258,Build 37,3673557,A or G,G / G
SIGLEC1,rs145108646,Build 37,3673775,A or G,G / G
SIGLEC1,rs709012,Build 37,3675498,G or T,G / T
SIGLEC1,rs16988881,Build 37,3679427,C or T,C / C
SIGLEC1,rs139666944,Build 37,3680104,C or T,C / C
SIGLEC1,rs149299023,Build 37,3682082,A or G,G / G
SIGLEC1,rs34924243,Build 37,3682126,C or T,C / C
SIGLEC1,rs184789271,Build 37,3683275,A or C,A / A
SIGLEC1,rs76254218,Build 37,3683874,A or G,G / G
SIGLEC1,rs611847,Build 37,3684022,A or G,A / G
SIGLEC1,rs1005885,Build 37,3684426,C or T,C / C
SIGLEC1,rs6037651,Build 37,3686436,C or T,C / T
SIGLEC1,rs199783968,Build 37,3687330,C or T,T / T
intergenic,rs4813639,Build 37,3688853,A or G,A / A
intergenic,rs117947009,Build 37,3691220,A or G,G / G
intergenic,rs56934007,Build 37,3695143,A or G,A / G
intergenic,rs6052038,Build 37,3707715,A or G,A / G
intergenic,rs61685625,Build 37,3709205,A or C,C / C
intergenic,rs79905917,Build 37,3710964,A or G,G / G
intergenic,rs7269120,Build 37,3711838,C or T,T / T
intergenic,rs580502,Build 37,3711864,A or C,A / A
HSPA12B,rs509764,Build 37,3716457,A or G,G / G
HSPA12B,rs6139191,Build 37,3724708,A or G,A / A
HSPA12B,rs41279386,Build 37,3725784,A or G,G / G
HSPA12B,rs6076550,Build 37,3726565,C or T,C / C
HSPA12B,rs58505239,Build 37,3731139,C or T,C / C
HSPA12B,rs60858447,Build 37,3732225,A or G,G / G
HSPA12B,rs73080468,Build 37,3732967,A or G,G / G
intergenic,rs6084455,Build 37,3733798,A or G,G / G
C20orf27,rs2295343,Build 37,3735601,A or G,G / G
C20orf27,rs500247,Build 37,3736304,A or G,G / G
C20orf27,rs2295344,Build 37,3736361,A or G,A / A
C20orf27,rs117491827,Build 37,3736576,C or T,T / T
C20orf27,rs115074909,Build 37,3739868,A or G,G / G
C20orf27,rs3787399,Build 37,3740122,C or T,C / C
C20orf27,rs6116026,Build 37,3745127,A or G,A / G
C20orf27,rs116956581,Build 37,3745405,A or G,G / G
intergenic,rs1321129,Build 37,3753186,A or G,A / G
intergenic,rs117628351,Build 37,3753495,A or C,A / C
intergenic,rs117051957,Build 37,3755051,C or T,T / T
intergenic,rs73895626,Build 37,3758074,A or G,G / G
SPEF1,rs2281479,Build 37,3762095,C or T,C / C
intergenic,rs1968648,Build 37,3763349,C or T,C / C
CENPB,rs1051368,Build 37,3764761,A or G,A / G
CENPB,rs1051349,Build 37,3764812,A or G,G / G
CDC25B,i707921,Build 37,3767687,G or T,T / T
CDC25B,rs3761218,Build 37,3776175,C or T,T / T
CDC25B,rs11569988,Build 37,3779234,C or T,C / C
CDC25B,rs11570007,Build 37,3782344,C or T,C / C
CDC25B,rs200104998,Build 37,3782594,C or G,C / C
CDC25B,rs200551395,Build 37,3785604,A or G,A / A
intergenic,rs4813643,Build 37,3787755,C or T,C / C
LINC01730,rs6052087,Build 37,3789318,A or C,A / C
intergenic,rs77477947,Build 37,3794344,C or T,T / T
intergenic,rs79337042,Build 37,3796709,A or G,G / G
intergenic,rs75732600,Build 37,3797243,C or T,C / C
intergenic,rs6037670,Build 37,3806916,C or T,C / C
intergenic,rs6052105,Build 37,3811433,C or T,C / C
intergenic,rs117894413,Build 37,3816565,A or G,G / G
intergenic,rs6052114,Build 37,3816729,A or G,not determined
MAVS,rs6084496,Build 37,3830462,C or T,C / C
MAVS,rs6084497,Build 37,3830474,C or T,T / T
MAVS,rs111465200,Build 37,3835826,A or G,A / G
MAVS,rs73082598,Build 37,3840831,G or T,G / T
MAVS,rs6052130,Build 37,3843668,A or C,C / C
MAVS,rs7269320,Build 37,3846397,C or T,C / C
MAVS,rs57173648,Build 37,3853190,C or T,C / C
MAVS,i715981,Build 37,3853322,C or T,C / C
MAVS,rs7272495,Build 37,3853551,A or G,G / G
MAVS,rs11551192,Build 37,3856555,A or G,A / A
PANK2,i700098,Build 37,3869965,C or CC,C / C
PANK2,rs188211202,Build 37,3888596,A or G,A / A
PANK2,rs137852961,Build 37,3888734,C or T,C / C
PANK2,rs137852962,Build 37,3888800,C or T,C / C
PANK2,rs4815628,Build 37,3891896,C or T,C / T
PANK2,rs863223343,Build 37,3893161,C or T,T / T
PANK2,rs71647844,Build 37,3896337,C or T,C / C
PANK2,rs137852959,Build 37,3899342,A or G,G / G
PANK2,rs138402319,Build 37,3899429,C or T,T / T
PANK2,rs41279404,Build 37,3899516,A or G,G / G
PANK2,rs41279408,Build 37,3903937,C or T,C / C
RNF24,rs241605,Build 37,3915064,C or T,C / C
RNF24,i715982,Build 37,3926499,A or G,G / G
RNF24,rs76354766,Build 37,3926643,A or C,C / C
RNF24,rs73086525,Build 37,3938757,C or T,C / C
RNF24,rs2253977,Build 37,3939140,C or T,C / T
RNF24,rs998132,Build 37,3965054,A or G,A / G
RNF24,rs117255962,Build 37,3971079,G or T,T / T
intergenic,rs80312992,Build 37,3998527,A or G,A / A
intergenic,rs8115125,Build 37,4001274,A or G,G / G
intergenic,rs6052257,Build 37,4018579,A or G,A / G
intergenic,i716113,Build 37,9432224,C or T,not determined
intergenic,rs148318832,Build 37,9438531,A or G,not determined
intergenic,rs151235082,Build 37,9442559,C or G,not determined
intergenic,i716121,Build 37,9478024,G or T,T / T
intergenic,i716127,Build 37,9538267,A or C,C / C
intergenic,rs374604887,Build 37,9551691,A or G,A / A
intergenic,rs71222083,Build 37,9575298,C or T,not determined
intergenic,rs71226535,Build 37,9575502,A or G,G / G
intergenic,rs150518107,Build 37,9579577,A or G,G / G
intergenic,rs71224602,Build 37,9592893,C or G,not determined
intergenic,rs76779447,Build 37,9652737,C or T,not determined
intergenic,rs372373359,Build 37,9660206,A or G,G / G
intergenic,rs79640009,Build 37,9665406,A or C,not determined
intergenic,rs76905573,Build 37,9666696,G or T,G / G
intergenic,rs74776735,Build 37,9679783,C or T,not determined
intergenic,rs368276994,Build 37,9690802,A or G,G / G
intergenic,rs145133116,Build 37,9725686,A or C,A / A
ANKRD20A16P,rs188022841,Build 37,9769007,C or T,not determined
intergenic,rs35492158,Build 37,9833373,C or G,C / C
intergenic,rs148602992,Build 37,9841900,A or G,not determined
intergenic,rs76091764,Build 37,9861139,A or G,G / G
intergenic,rs140066961,Build 37,9863955,C or T,C / C
intergenic,i716143,Build 37,9875943,C or T,not determined
intergenic,i716144,Build 37,9876675,C or T,C / C
intergenic,rs75275574,Build 37,9879171,C or T,C / C
intergenic,rs373891234,Build 37,9879534,G or T,not determined
intergenic,i716146,Build 37,9881143,A or C,not determined
TEKT4P2,rs185468887,Build 37,9910296,A or G,G / G
TEKT4P2,rs138189880,Build 37,9913526,A or G,G / G
"TEKT4P2 , SOWAHCP2",rs369462259,Build 37,9921740,A or C,C / C
"TEKT4P2 , SOWAHCP2",rs369698875,Build 37,9922018,A or G,G / G
"TEKT4P2 , SOWAHCP2",rs375465889,Build 37,9922058,A or G,G / G
"TEKT4P2 , SOWAHCP2",rs149738663,Build 37,9922243,A or C,A / A
"TEKT4P2 , SOWAHCP2",rs193153830,Build 37,9922415,G or T,G / G
TEKT4P2,rs191342212,Build 37,9923748,A or G,G / G
TEKT4P2,rs189975024,Build 37,9943495,C or T,C / C
TEKT4P2,i716154,Build 37,9952707,C or G,not determined
TEKT4P2,rs368920494,Build 37,9956336,A or G,A / A
TEKT4P2,rs188114828,Build 37,9960291,A or T,T / T
intergenic,i716157,Build 37,9987288,C or T,C / C
intergenic,i716158,Build 37,9987289,A or G,not determined
intergenic,rs369903994,Build 37,10014570,C or T,T / T
intergenic,rs74693476,Build 37,10134647,A or G,not determined
intergenic,rs2995436,Build 37,10420607,G or T,not determined
intergenic,rs368953020,Build 37,10698705,A or G,not determined
intergenic,rs200669939,Build 37,10709884,C or G,G / G
intergenic,rs28790089,Build 37,10710833,A or G,G / G
intergenic,rs28893324,Build 37,10727888,C or T,T / T
intergenic,rs28811876,Build 37,10732130,A or G,G / G
intergenic,rs28825523,Build 37,10746454,C or T,T / T
intergenic,rs28780401,Build 37,10748558,A or G,not determined
intergenic,rs28815272,Build 37,10754873,C or T,not determined
intergenic,rs138944075,Build 37,10768694,A or G,not determined
intergenic,rs149992017,Build 37,10771406,A or G,not determined
intergenic,rs28653556,Build 37,10778677,A or C,not determined
intergenic,rs28871095,Build 37,10817654,A or G,not determined
intergenic,rs1395681,Build 37,10873592,A or G,A / A
intergenic,rs62212744,Build 37,10893396,A or G,G / G
TPTE,rs138821247,Build 37,10959790,A or G,G / G
TPTE,rs76666605,Build 37,10966579,C or T,C / C
"BAGE3 , BAGE2",rs8126969,Build 37,11022472,A or C,not determined
"BAGE3 , BAGE2",rs71269408,Build 37,11028020,A or T,T / T
"BAGE3 , BAGE2",rs2479471,Build 37,11033803,A or G,G / G
"BAGE3 , BAGE2",rs622874,Build 37,11040674,C or T,not determined
"BAGE3 , BAGE2",rs2223987,Build 37,11043741,G or T,T / T
"BAGE3 , BAGE2",rs4111238,Build 37,11052611,A or T,A / A
"BAGE3 , BAGE2",rs2979625,Build 37,11053053,C or T,C / C
"BAGE3 , BAGE2",i708319,Build 37,11054178,C or T,C / C
"BAGE3 , BAGE2 , BAGE",rs615417,Build 37,11066193,C or T,not determined
"BAGE3 , BAGE2 , BAGE",rs3904106,Build 37,11071848,A or G,G / G
"BAGE3 , BAGE2 , BAGE",rs9325265,Build 37,11072716,A or C,A / A
"BAGE3 , BAGE2 , BAGE",rs61268556,Build 37,11083653,A or G,G / G
"BAGE3 , BAGE2 , BAGE",rs2982869,Build 37,11096404,C or T,T / T
"BAGE3 , BAGE2 , BAGE",rs73151874,Build 37,11098723,C or T,not determined
intergenic,rs10433204,Build 37,11132002,A or G,G / G
intergenic,rs2740216,Build 37,11135609,C or T,not determined
intergenic,rs10439764,Build 37,11137847,A or G,A / A
intergenic,i716037,Build 37,14359894,C or T,T / T
intergenic,rs4816736,Build 37,14375493,C or T,C / C
intergenic,rs75184279,Build 37,14389803,C or T,not determined
intergenic,i716040,Build 37,14518121,C or T,T / T
intergenic,rs55776382,Build 37,14595742,A or G,G / G
intergenic,rs149536219,Build 37,14610372,C or T,T / T
intergenic,rs7279955,Build 37,14615731,G or T,not determined
intergenic,rs116858167,Build 37,14621293,C or T,T / T
intergenic,rs3869758,Build 37,14652908,C or T,T / T
intergenic,rs2801270,Build 37,14670124,A or G,A / A
intergenic,rs1296966,Build 37,14684167,C or T,C / C
intergenic,rs3119504,Build 37,14685596,A or G,A / A
intergenic,rs144465687,Build 37,14693452,C or T,T / T
intergenic,rs118157311,Build 37,14701485,G or T,T / T
intergenic,rs17239865,Build 37,14717531,A or C,C / C
intergenic,rs117523947,Build 37,14727331,C or T,not determined
intergenic,rs2747246,Build 37,14745692,G or T,G / G
ANKRD30BP1,rs9979106,Build 37,14756749,A or G,not determined
ANKRD30BP1,rs67768089,Build 37,14766737,A or G,A / G
ANKRD30BP1,rs2821853,Build 37,14773926,C or T,T / T
ANKRD30BP1,rs9680515,Build 37,14778931,C or T,C / C
ANKRD30BP1,rs116894217,Build 37,14779793,A or G,G / G
ANKRD30BP1,rs9978362,Build 37,14794093,C or T,T / T
intergenic,rs190936986,Build 37,18764496,G or T,T / T
intergenic,rs17692646,Build 37,18766540,A or C,A / A
intergenic,rs208877,Build 37,18770700,G or T,G / T
intergenic,rs77327343,Build 37,18776259,C or T,C / C
intergenic,rs8127220,Build 37,18781682,A or G,G / G
intergenic,rs76482719,Build 37,18781828,C or T,T / T
intergenic,rs143426958,Build 37,18782330,A or G,G / G
intergenic,rs2824290,Build 37,18785657,A or G,A / G
intergenic,rs208908,Build 37,18785818,A or G,G / G
intergenic,rs208909,Build 37,18786056,C or T,T / T
intergenic,rs2824292,Build 37,18787176,A or G,A / G
intergenic,rs2824293,Build 37,18787514,A or G,A / G
intergenic,rs73192944,Build 37,18788509,A or G,A / A
intergenic,rs208916,Build 37,18791404,C or T,T / T
intergenic,rs1493101,Build 37,18791719,C or T,C / C
intergenic,rs2405362,Build 37,18793555,A or G,A / A
intergenic,rs73660,Build 37,18802992,C or T,C / C
intergenic,rs117508261,Build 37,18804380,C or T,C / C
intergenic,rs76930422,Build 37,18805407,C or T,T / T
intergenic,rs74500842,Build 37,18805949,A or C,C / C
intergenic,rs73195242,Build 37,18806326,C or T,C / C
intergenic,rs13048555,Build 37,18810795,G or T,T / T
LINC01549,rs208894,Build 37,18814568,C or T,C / T
LINC01549,rs8126676,Build 37,18816332,A or G,A / G
intergenic,rs2824312,Build 37,18824403,A or G,G / G
intergenic,rs12483510,Build 37,18824505,C or T,C / C
intergenic,rs2824315,Build 37,18825927,A or G,A / A
intergenic,rs2824316,Build 37,18826595,A or G,G / G
intergenic,rs74705646,Build 37,18830047,A or G,G / G
intergenic,rs2824318,Build 37,18830470,C or T,C / C
intergenic,rs4320015,Build 37,18830848,A or G,G / G
intergenic,rs1967939,Build 37,18836316,A or C,C / C
intergenic,rs73195274,Build 37,18836467,C or T,T / T
intergenic,rs12626798,Build 37,18838900,A or G,A / G
intergenic,rs79343020,Build 37,18839857,G or T,T / T
intergenic,rs35802488,Build 37,18841879,A or G,A / A
intergenic,rs9977613,Build 37,18849807,C or T,C / C
intergenic,rs2824327,Build 37,18853902,C or T,C / C
intergenic,rs191454289,Build 37,18855964,A or C,not determined
intergenic,rs2824332,Build 37,18863967,C or T,T / T
intergenic,rs2849886,Build 37,18864186,C or T,C / C
intergenic,rs73199439,Build 37,18873944,A or G,G / G
intergenic,rs79757935,Build 37,18884254,C or T,C / C
"CXADR , BTF3L4P1",rs211953,Build 37,18890217,A or G,G / G
CXADR,rs77169459,Build 37,18895367,A or G,A / A
CXADR,rs74905091,Build 37,18899827,G or T,G / G
CXADR,rs77518777,Build 37,18910659,G or T,G / G
CXADR,rs76456485,Build 37,18916613,A or G,A / A
CXADR,rs764657,Build 37,18926653,C or T,C / C
CXADR,rs437470,Build 37,18937758,A or G,A / A
CXADR,rs80203262,Build 37,18941502,C or T,T / T
CXADR,rs145160372,Build 37,18942188,A or G,G / G
CXADR,rs149976560,Build 37,18943438,C or T,C / C
CXADR,rs2249739,Build 37,18947070,A or G,G / G
CXADR,rs77285730,Build 37,18951407,A or G,A / A
CXADR,rs80089442,Build 37,18952076,C or T,T / T
CXADR,rs62239946,Build 37,18952575,A or G,G / G
CXADR,rs73892617,Build 37,18955605,A or G,A / A
CXADR,rs117116574,Build 37,18958380,A or G,G / G
BTG3,rs9977638,Build 37,18968320,C or T,C / T
BTG3,rs3792568,Build 37,18975302,A or G,A / A
intergenic,rs374947087,Build 37,18985663,A or G,A / A
intergenic,rs928248,Build 37,18986727,A or G,G / G
intergenic,rs73195005,Build 37,18987988,G or T,T / T
intergenic,rs8129963,Build 37,18989513,A or G,A / A
intergenic,rs2824404,Build 37,19006359,C or T,C / C
intergenic,rs1494935,Build 37,19011263,C or T,T / T
intergenic,rs2824415,Build 37,19022375,C or T,C / C
intergenic,rs1389995,Build 37,19024565,A or C,C / C
intergenic,rs2824429,Build 37,19039522,C or T,T / T
intergenic,rs743378,Build 37,19039793,A or G,A / A
intergenic,rs73200553,Build 37,19044157,A or G,G / G
intergenic,rs2824439,Build 37,19044975,A or G,A / G
intergenic,rs728015,Build 37,19046753,C or T,C / T
intergenic,rs112926469,Build 37,19050937,A or C,C / C
intergenic,rs116906990,Build 37,19051909,G or T,G / G
intergenic,rs8128554,Build 37,19052087,G or T,T / T
intergenic,rs77920879,Build 37,19053542,A or G,A / A
intergenic,rs57732730,Build 37,19054955,G or T,G / T
intergenic,rs143567939,Build 37,19060818,G or T,T / T
intergenic,rs9941795,Build 37,19063114,A or C,A / C
intergenic,rs2824455,Build 37,19068606,C or T,C / T
intergenic,rs147422779,Build 37,19072442,G or T,G / G
intergenic,rs7282560,Build 37,19075102,A or G,A / A
intergenic,rs80247465,Build 37,19075457,G or T,not determined
intergenic,rs117165325,Build 37,19076488,C or T,T / T
intergenic,rs118068368,Build 37,19086109,A or G,G / G
intergenic,rs55670125,Build 37,19087335,G or T,G / T
intergenic,rs2039250,Build 37,19087620,G or T,G / T
intergenic,rs2101523,Build 37,19097889,C or T,C / C
intergenic,rs75086732,Build 37,19098671,A or G,A / A
intergenic,rs57735164,Build 37,19098952,A or C,A / A
intergenic,rs2298404,Build 37,19099907,A or G,G / G
intergenic,rs2824461,Build 37,19101049,A or G,A / G
intergenic,rs79303674,Build 37,19101703,A or G,G / G
intergenic,rs7275711,Build 37,19101748,A or C,A / A
intergenic,rs117471257,Build 37,19109348,A or G,A / A
intergenic,rs2824478,Build 37,19116181,C or T,T / T
intergenic,rs141238517,Build 37,19133350,C or T,T / T
intergenic,rs17761710,Build 37,19133448,A or G,G / G
LOC100421685,rs117246541,Build 37,16055122,G or T,G / T
intergenic,rs138295790,Build 37,16057310,A or G,G / G
POTEH,rs200375190,Build 37,16287784,C or T,C / C
YME1L1P1,rs189691017,Build 37,16486963,A or G,A / A
intergenic,rs187463635,Build 37,16495458,A or G,G / G
intergenic,rs4911642,Build 37,16504399,C or T,T / T
intergenic,i716162,Build 37,16522314,C or T,C / C
intergenic,rs117578132,Build 37,16595552,A or C,C / C
intergenic,rs5748867,Build 37,16855160,A or G,A / G
intergenic,rs5747010,Build 37,16855618,A or G,A / G
intergenic,rs62636009,Build 37,16856901,C or T,C / C
intergenic,rs369330203,Build 37,16868036,C or T,C / C
intergenic,rs190051309,Build 37,16874656,G or T,G / G
intergenic,rs117259337,Build 37,16886339,A or G,G / G
intergenic,rs1807483,Build 37,16888577,A or G,not determined
intergenic,i716165,Build 37,16892596,A or C,not determined
intergenic,rs147574439,Build 37,16897695,A or C,C / C
intergenic,rs192728954,Build 37,16898857,A or G,not determined
SLC9B1P4,rs7286836,Build 37,16938376,A or G,G / G
intergenic,rs9604821,Build 37,17012935,A or G,A / G
intergenic,rs4373003,Build 37,17031115,G or T,G / G
LOC100422375,rs9605903,Build 37,17054720,C or T,not determined
intergenic,rs5746643,Build 37,17056038,A or G,A / A
intergenic,rs149971849,Build 37,17061371,A or G,A / A
KCNMB3P1,rs112574411,Build 37,17063176,C or T,C / C
intergenic,rs5993499,Build 37,17068748,C or T,C / C
intergenic,rs13053626,Build 37,17070109,A or G,A / A
CCT8L2,rs139948519,Build 37,17072347,C or T,C / T
CCT8L2,rs41277596,Build 37,17072411,G or T,G / G
CCT8L2,rs2070503,Build 37,17073475,C or T,not determined
intergenic,rs5747999,Build 37,17075353,A or C,A / C
intergenic,rs111636940,Build 37,17079911,A or G,A / A
TPTEP1,rs111736353,Build 37,17091621,A or T,A / A
TPTEP1,rs2096537,Build 37,17094749,A or C,C / C
TPTEP1,rs148392464,Build 37,17099273,A or G,G / G
TPTEP1,rs118071156,Build 37,17100439,A or G,not determined
TPTEP1,rs9606008,Build 37,17102604,C or T,C / C
TPTEP1,rs117430084,Build 37,17108381,A or G,G / G
TPTEP1,rs147153575,Build 37,17116070,G or T,G / G
TPTEP1,rs10427681,Build 37,17119450,A or G,A / G
intergenic,rs150699398,Build 37,17169403,C or T,C / C
intergenic,rs116282162,Build 37,17169762,C or T,C / C
VWFP1,rs150206476,Build 37,17171725,C or T,T / T
VWFP1,rs186819369,Build 37,17177594,A or G,G / G
VWFP1,rs202098051,Build 37,17178015,C or T,C / C
VWFP1,rs116224412,Build 37,17178601,A or G,not determined
intergenic,rs117639349,Build 37,17196213,C or T,T / T
intergenic,rs73376170,Build 37,17199044,A or G,A / A
intergenic,rs147020688,Build 37,17199548,C or T,C / C
intergenic,rs2845381,Build 37,17203532,A or G,A / G
intergenic,rs62227176,Build 37,17211331,A or C,C / C
intergenic,rs2845344,Build 37,17212553,A or G,not determined
intergenic,rs76031193,Build 37,17217247,A or G,A / A
intergenic,rs1807512,Build 37,17221495,C or T,C / T
intergenic,rs2529895,Build 37,17222934,C or T,not determined
intergenic,rs4819880,Build 37,17223938,A or G,A / A
intergenic,rs5748593,Build 37,17227461,C or T,C / C
intergenic,rs114289989,Build 37,17255527,C or T,T / T
XKR3,rs191067607,Build 37,17271797,A or G,G / G
XKR3,rs116510665,Build 37,17274624,A or G,G / G
XKR3,rs5748642,Build 37,17278928,A or G,G / G
XKR3,rs2072466,Build 37,17289118,C or T,T / T
XKR3,rs874836,Build 37,17301843,A or G,A / G
intergenic,rs2192431,Build 37,17303596,G or T,T / T
intergenic,rs9606482,Build 37,17317299,C or T,T / T
GPM6BP3,rs5746906,Build 37,17318333,A or G,A / A
GPM6BP3,rs9618899,Build 37,17318728,C or T,T / T
intergenic,rs165778,Build 37,17319156,C or T,C / C
intergenic,rs165927,Build 37,17326914,A or G,A / A
intergenic,rs9617920,Build 37,17327157,A or G,G / G
intergenic,rs5748684,Build 37,17337527,A or C,A / A
ZNF402P,rs165886,Build 37,17339003,A or G,A / A
ZNF402P,rs1974654,Build 37,17340419,C or T,T / T
intergenic,rs165731,Build 37,17346602,A or G,G / G
intergenic,rs5748730,Build 37,17388093,A or G,G / G
intergenic,rs142725680,Build 37,17392955,C or T,C / C
intergenic,i716169,Build 37,17398426,A or G,G / G
intergenic,rs7293026,Build 37,17398800,C or T,C / C
intergenic,rs8136206,Build 37,17399211,A or C,A / A
intergenic,rs79623605,Build 37,17408459,C or T,T / T
intergenic,rs9605180,Build 37,17412690,C or T,T / T
IGKV1OR22-1,rs9618937,Build 37,17414640,A or G,A / G
intergenic,rs2385785,Build 37,17427037,A or G,G / G
intergenic,rs116953556,Build 37,17427455,A or G,A / A
intergenic,rs1981707,Build 37,17429384,C or T,C / T
intergenic,rs5748762,Build 37,17434521,C or T,C / T
intergenic,rs76025168,Build 37,17437133,A or G,G / G
GAB4,rs9606550,Build 37,17443179,A or G,A / A
GAB4,rs80020649,Build 37,17443370,A or G,G / G
GAB4,rs117673209,Build 37,17444407,C or T,C / C
GAB4,rs56349544,Build 37,17446715,A or G,G / G
GAB4,rs4819925,Build 37,17446991,C or T,T / T
GAB4,rs17806562,Build 37,17450247,C or T,T / T
GAB4,rs61741409,Build 37,17450929,C or T,C / C
GAB4,rs11703655,Build 37,17450952,A or G,A / A
GAB4,rs5992600,Build 37,17451710,C or T,T / T
GAB4,rs144427521,Build 37,17468918,A or C,not determined
GAB4,rs184309697,Build 37,17469170,C or T,C / C
GAB4,rs11704768,Build 37,17469558,C or T,C / T
GAB4,i716170,Build 37,17471800,C or T,C / C
SCARF2,i723219,Build 37,20786257,— or G,— / —
SCARF2,rs1005640,Build 37,20789074,C or T,T / T
SCARF2,rs1477178,Build 37,20789688,A or G,G / G
intergenic,rs1153427,Build 37,20795757,C or T,C / C
KLHL22,rs191242002,Build 37,20798322,A or G,A / A
KLHL22,rs1153428,Build 37,20798354,A or G,A / G
KLHL22,rs8748,Build 37,20800835,A or G,A / A
"KLHL22 , LOC100420177",rs76649694,Build 37,20806397,A or C,C / C
KLHL22,rs361988,Build 37,20810054,C or T,T / T
KLHL22,rs77686432,Build 37,20816346,C or T,not determined
KLHL22,rs12484813,Build 37,20844663,A or G,G / G
intergenic,rs165771,Build 37,20856228,G or T,G / G
intergenic,i716184,Build 37,20859130,A or G,not determined
MED15,rs75946839,Build 37,20862548,C or T,C / C
MED15,rs2014654,Build 37,20872855,C or T,C / T
MED15,rs143554264,Build 37,20875570,A or G,not determined
MED15,rs7291930,Build 37,20876509,A or G,A / A
MED15,rs145160293,Build 37,20877989,C or T,C / C
MED15,rs11090206,Build 37,20881678,A or C,C / C
MED15,rs1771149,Build 37,20883449,C or T,C / T
MED15,rs190189809,Build 37,20886533,A or G,G / G
MED15,rs57997330,Build 37,20887166,G or T,G / G
MED15,rs118084073,Build 37,20893767,A or G,G / G
MED15,rs886319,Build 37,20903410,C or T,C / T
MED15,rs1075339,Build 37,20906367,A or G,G / G
MED15,rs115069799,Build 37,20910482,C or T,C / C
MED15,rs5758468,Build 37,20911756,A or C,A / A
MED15,rs193249681,Build 37,20924375,A or G,not determined
MED15,rs189225333,Build 37,20933209,C or T,C / C
intergenic,rs595272,Build 37,20946403,C or T,C / T
intergenic,rs361646,Build 37,20947274,A or G,A / G
intergenic,rs554733,Build 37,20950564,C or T,C / T
intergenic,rs138098180,Build 37,20953877,C or T,not determined
intergenic,rs165626,Build 37,20954760,A or G,G / G
intergenic,rs5759527,Build 37,20956600,C or T,C / C
intergenic,rs138209862,Build 37,20956684,A or G,G / G
intergenic,rs596114,Build 37,20957000,C or T,C / T
intergenic,rs9612414,Build 37,20957037,A or G,A / G
intergenic,rs138183961,Build 37,20957858,C or T,not determined
SMPD4P1,rs13433634,Build 37,20961189,C or T,C / T
SMPD4P1,rs73159154,Build 37,20962689,A or G,A / A
SMPD4P1,rs17819599,Build 37,20962978,C or T,C / C
SMPD4P1,rs602808,Build 37,20963475,C or T,C / C
SMPD4P1,rs544887,Build 37,20964056,A or G,A / A
SMPD4P1,rs5759562,Build 37,20966125,A or C,A / C
SMPD4P1,rs112372337,Build 37,20972102,A or G,not determined
SMPD4P1,rs17818796,Build 37,20978672,A or G,A / G
intergenic,rs7285862,Build 37,20983228,A or G,A / A
intergenic,rs145875329,Build 37,20990570,A or G,G / G
intergenic,rs78260733,Build 37,20992947,C or T,T / T
intergenic,rs759224,Build 37,20993328,A or G,A / G
LOC100421121,rs759225,Build 37,20993477,G or T,G / T
LOC100421121,rs741194,Build 37,20993519,A or G,G / G
LOC100421121,rs658793,Build 37,20996595,C or T,C / C
LOC100421121,rs7290923,Build 37,20999208,C or T,T / T
LOC100421121,rs41368547,Build 37,20999626,C or T,T / T
LOC100421121,rs57434751,Build 37,21001472,A or G,G / G
intergenic,rs5759767,Build 37,21004805,A or G,A / A
intergenic,rs376516184,Build 37,21005667,A or C,A / A
intergenic,rs1339959,Build 37,21005697,A or G,A / A
intergenic,rs651851,Build 37,21009596,A or C,A / C
intergenic,rs5751684,Build 37,21015218,A or G,A / A
ABHD17AP4,rs368322022,Build 37,21025441,G or T,G / G
intergenic,rs116918025,Build 37,21028007,A or G,G / G
PI4KA,rs1058552,Build 37,21062168,C or T,C / C
PI4KA,rs117274744,Build 37,21062177,C or T,C / C
PI4KA,rs2276011,Build 37,21069073,A or C,C / C
PI4KA,rs181389523,Build 37,21071147,A or G,G / G
PI4KA,rs144899078,Build 37,21075586,C or G,G / G
PI4KA,rs112905927,Build 37,21078991,C or T,C / C
PI4KA,rs16988764,Build 37,21105255,C or T,T / T
PI4KA,rs190475625,Build 37,21113894,C or T,not determined
PI4KA,rs2072517,Build 37,21115244,C or T,C / T
PI4KA,rs117786120,Build 37,21120359,A or C,C / C
"PI4KA , SERPIND1",rs35646566,Build 37,21134023,A or G,G / G
"PI4KA , SERPIND1",rs5907,Build 37,21134223,A or G,G / G
"PI4KA , SERPIND1",rs79822115,Build 37,21137765,A or G,not determined
"PI4KA , SERPIND1",rs117858197,Build 37,21139239,C or T,T / T
PI4KA,rs118185464,Build 37,21145397,C or T,C / C
PI4KA,rs149520312,Build 37,21146015,C or T,C / C
PI4KA,rs79462859,Build 37,21147077,A or G,not determined
PI4KA,rs117151217,Build 37,21147113,A or G,G / G
PI4KA,rs141712057,Build 37,21148180,G or T,G / G
PI4KA,rs138731378,Build 37,21155569,A or G,A / A
PI4KA,rs200824315,Build 37,21156277,C or T,T / T
PI4KA,rs76782505,Build 37,21157174,A or G,G / G
PI4KA,rs61752248,Build 37,21165311,C or T,T / T
PI4KA,rs165854,Build 37,21167787,A or G,A / G
PI4KA,rs17758477,Build 37,21174444,C or T,C / C
PI4KA,i716185,Build 37,21175663,C or T,not determined
PI4KA,rs117068569,Build 37,21188823,C or T,T / T
PI4KA,rs362223,Build 37,21190377,A or C,A / A
PI4KA,rs4822606,Build 37,21198776,A or G,A / G
PI4KA,rs77513091,Build 37,21199572,A or G,G / G
SNAP29,rs80068797,Build 37,21219710,C or T,C / C
SNAP29,rs73162849,Build 37,21224023,A or G,A / A
SNAP29,rs201300635,Build 37,21224705,C or G,G / G
SNAP29,rs116892729,Build 37,21235389,A or G,A / A
SNAP29,rs117104177,Build 37,21236559,A or G,G / G
SNAP29,rs141934766,Build 37,21241976,C or T,C / C
intergenic,i720207,Build 37,169786,G or T,G / G
intergenic,rs6423165,Build 37,169805,A or G,A / G
intergenic,i720209,Build 37,170193,A or G,A / G
intergenic,i720212,Build 37,172611,C or T,C / T
intergenic,i720216,Build 37,176827,C or T,C / C
intergenic,i720218,Build 37,178483,C or T,T / T
intergenic,rs6644972,Build 37,178624,A or G,A / G
intergenic,i712686,Build 37,181779,C or T,C / T
intergenic,i720221,Build 37,182297,A or G,G / G
intergenic,i720222,Build 37,183544,A or C,A / A
PLCXD1,rs6655397,Build 37,201935,A or G,G / G
PLCXD1,rs7890186,Build 37,202458,G or T,G / T
PLCXD1,i722376,Build 37,219632,A or C,C / C
PLCXD1,i722356,Build 37,219931,A or G,G / G
intergenic,rs28736870,Build 37,220770,A or G,G / G
GTPBP6,rs4074620,Build 37,230605,A or C,C / C
PPP2R3B,i722266,Build 37,312114,A or G,G / G
PPP2R3B,i721846,Build 37,315897,C or T,C / C
PPP2R3B,i722075,Build 37,318180,A or G,A / A
PPP2R3B,rs6603251,Build 37,320580,C or T,C / T
PPP2R3B,i722067,Build 37,329749,C or T,C / C
PPP2R3B,rs4606239,Build 37,331033,G or T,T / T
PPP2R3B,i722866,Build 37,339158,C or T,C / T
PPP2R3B,i721750,Build 37,342775,A or G,G / G
intergenic,i722244,Build 37,352129,C or T,C / T
intergenic,i722664,Build 37,375974,A or G,G / G
intergenic,rs28479146,Build 37,382519,A or C,C / C
intergenic,i722676,Build 37,384554,A or G,G / G
intergenic,i722025,Build 37,385262,C or T,C / C
intergenic,i722337,Build 37,398120,A or C,C / C
intergenic,i722822,Build 37,398814,A or G,A / G
intergenic,i722257,Build 37,401741,C or T,C / C
intergenic,rs6645053,Build 37,401857,C or T,T / T
intergenic,i721816,Build 37,404445,C or T,C / C
intergenic,rs6603184,Build 37,404868,C or T,T / T
intergenic,i721911,Build 37,416025,A or C,C / C
intergenic,rs6645061,Build 37,422669,A or C,not determined
intergenic,i722306,Build 37,426791,A or C,C / C
intergenic,i722587,Build 37,428737,C or G,C / G
intergenic,i722672,Build 37,433545,A or G,G / G
intergenic,i722562,Build 37,434823,C or T,C / T
intergenic,rs28723626,Build 37,443886,A or G,G / G
intergenic,i721988,Build 37,469218,C or G,C / C
intergenic,i722407,Build 37,477422,C or T,C / C
intergenic,rs28373840,Build 37,480177,C or T,T / T
intergenic,i722148,Build 37,487046,C or T,C / T
intergenic,i722735,Build 37,498594,C or T,C / C
intergenic,i722313,Build 37,502626,C or G,G / G
intergenic,rs5991156,Build 37,509591,A or G,G / G
intergenic,rs7064175,Build 37,519500,A or G,G / G
intergenic,i722051,Build 37,519601,A or C,A / A
intergenic,i721851,Build 37,520703,C or T,C / C
intergenic,i722059,Build 37,536091,A or G,G / G
intergenic,i722225,Build 37,539659,C or T,C / T
intergenic,rs5950791,Build 37,547306,A or G,G / G
intergenic,i722288,Build 37,548898,C or T,C / C
intergenic,i722212,Build 37,549324,A or C,A / A
intergenic,i723026,Build 37,570740,A or G,A / G
SHOX,rs193922466,Build 37,595422,A or G,A / A
SHOX,i722651,Build 37,599924,C or T,C / T
SHOX,i721891,Build 37,610291,G or T,G / G
SHOX,i721929,Build 37,611299,A or G,A / G
SHOX,rs17148902,Build 37,618503,C or G,C / C
intergenic,i722163,Build 37,621846,A or G,G / G
intergenic,rs17719702,Build 37,623242,C or T,C / T
intergenic,i722369,Build 37,632829,C or T,T / T
intergenic,i721894,Build 37,641362,C or T,T / T
intergenic,i722838,Build 37,649835,A or G,A / A
intergenic,rs5988302,Build 37,653717,A or G,A / G
intergenic,i722976,Build 37,656152,A or G,A / A
intergenic,rs2178792,Build 37,662679,A or C,C / C
intergenic,i722944,Build 37,665447,C or T,C / C
intergenic,i722605,Build 37,665894,A or G,G / G
intergenic,i721937,Build 37,669616,C or T,T / T
intergenic,i721759,Build 37,676611,G or T,T / T
intergenic,rs6579728,Build 37,676981,C or T,T / T
intergenic,i721784,Build 37,682009,A or G,A / G
intergenic,rs5946425,Build 37,682100,A or G,A / G
intergenic,i722293,Build 37,682116,A or C,C / C
intergenic,i722679,Build 37,700841,C or T,T / T
intergenic,i722409,Build 37,706239,C or T,C / C
intergenic,i722644,Build 37,706720,C or T,C / C
intergenic,i721935,Build 37,718602,C or T,T / T
intergenic,i722472,Build 37,723578,C or T,C / C
intergenic,i722553,Build 37,734851,C or T,C / C
intergenic,i722469,Build 37,737280,A or G,G / G
intergenic,i721886,Build 37,737861,C or T,C / C
intergenic,i721818,Build 37,738026,A or G,G / G
intergenic,i722394,Build 37,738308,A or T,A / A
intergenic,rs6579607,Build 37,747125,C or T,C / C
intergenic,i722845,Build 37,751020,G or T,G / G
intergenic,i722688,Build 37,751205,C or T,C / C
intergenic,rs7053902,Build 37,766859,C or T,T / T
intergenic,rs7876632,Build 37,772984,G or T,G / G
intergenic,i722331,Build 37,782277,A or G,A / A
intergenic,i722899,Build 37,786727,C or T,C / C
intergenic,i722487,Build 37,789136,C or T,C / C
intergenic,i722188,Build 37,817517,C or T,C / C
intergenic,rs5946332,Build 37,829150,C or T,T / T
intergenic,i722777,Build 37,830314,A or G,G / G
NLGN4X,i722701,Build 37,5938127,A or G,A
NLGN4X,i721067,Build 37,5942040,A or C,C
NLGN4X,i721068,Build 37,5948435,A or G,A
NLGN4X,rs4384118,Build 37,5950319,C or T,T
NLGN4X,rs5915630,Build 37,5973034,C or T,T
NLGN4X,rs7053243,Build 37,6003500,A or G,G
NLGN4X,rs5916298,Build 37,6006157,A or G,A
NLGN4X,i721882,Build 37,6008171,C or T,C
NLGN4X,rs11798753,Build 37,6024351,A or C,C
NLGN4X,rs12845396,Build 37,6029533,A or T,A
NLGN4X,i721070,Build 37,6032382,A or G,G
NLGN4X,rs5961933,Build 37,6035657,C or T,C
NLGN4X,rs6638599,Build 37,6040855,A or G,G
NLGN4X,rs6639598,Build 37,6045876,C or T,C
NLGN4X,rs1316392,Build 37,6053605,C or T,T
NLGN4X,rs6529921,Build 37,6054885,C or G,C
NLGN4X,rs56002996,Build 37,6057514,C or T,C
NLGN4X,i721966,Build 37,6070326,C or T,not determined
NLGN4X,rs62588037,Build 37,6071168,C or T,T
NLGN4X,rs7055627,Build 37,6090436,A or G,G
NLGN4X,i721071,Build 37,6098195,C or T,C
NLGN4X,rs143060091,Build 37,6100305,C or T,C
NLGN4X,rs6654815,Build 37,6114728,G or T,T
NLGN4X,i721072,Build 37,6128317,A or G,G
NLGN4X,rs12556529,Build 37,6129410,C or G,G
NLGN4X,rs5916336,Build 37,6133124,G or T,G
NLGN4X,rs1882409,Build 37,6133812,A or G,G
NLGN4X,rs5915658,Build 37,6135462,C or T,C
NLGN4X,rs5916340,Build 37,6135871,A or G,G
NLGN4X,rs5916341,Build 37,6135980,C or T,C
NLGN4X,rs7887235,Build 37,6139826,C or T,T
NLGN4X,i721073,Build 37,6142361,C or T,T
intergenic,rs73627058,Build 37,6149356,G or T,G
intergenic,i721074,Build 37,6149945,A or G,G
intergenic,rs5916359,Build 37,6158061,C or T,C
intergenic,rs148100969,Build 37,6163166,C or T,C
intergenic,rs60659155,Build 37,6164186,C or T,T
intergenic,i722750,Build 37,6168625,A or C,C
intergenic,rs7065050,Build 37,6176561,A or C,C
intergenic,rs7065224,Build 37,6176710,C or T,C
intergenic,rs5916365,Build 37,6180475,A or T,A
intergenic,rs73459201,Build 37,6180991,C or T,C
intergenic,i721077,Build 37,6203602,C or T,T
intergenic,rs873276,Build 37,6212245,A or C,A
intergenic,rs7885458,Build 37,6220474,C or T,T
intergenic,i721078,Build 37,6224145,C or T,T
intergenic,rs66759541,Build 37,6225582,C or T,C
intergenic,rs12845191,Build 37,6227111,A or C,A
intergenic,rs5916371,Build 37,6229805,A or G,G
intergenic,rs5915672,Build 37,6237076,C or T,T
intergenic,rs1812810,Build 37,6238232,C or T,C
intergenic,rs73184683,Build 37,6256299,C or T,C
intergenic,i721977,Build 37,6260354,A or G,not determined
intergenic,rs4826724,Build 37,6262277,C or T,C
intergenic,i721085,Build 37,6269442,C or T,T
intergenic,rs4826852,Build 37,6276576,C or T,T
intergenic,rs5961426,Build 37,6290389,C or T,T
intergenic,rs5915676,Build 37,6302378,A or G,A
intergenic,rs1531058,Build 37,6309302,A or G,A
intergenic,i721094,Build 37,6323491,C or T,T
intergenic,rs10522046,Build 37,6336577,A or G,G
intergenic,rs116513475,Build 37,6349609,A or G,A
intergenic,rs138249512,Build 37,6373038,A or G,G
intergenic,i721099,Build 37,6387938,C or T,T
intergenic,i721772,Build 37,6393916,A or G,A
intergenic,i721100,Build 37,6399959,C or T,T
intergenic,rs1882295,Build 37,6409791,C or T,T
intergenic,rs5916408,Build 37,6418059,A or G,A
intergenic,rs6639638,Build 37,6430651,A or G,G
intergenic,rs4351578,Build 37,6456940,C or T,T
intergenic,rs7891665,Build 37,6486490,C or G,C
intergenic,i722818,Build 37,6488784,A or C,C
intergenic,i721101,Build 37,6490626,C or G,not determined
intergenic,rs5989589,Build 37,6492543,C or T,C
intergenic,i721102,Build 37,6493834,G or T,T
intergenic,i711668,Build 37,6497085,A or G,G
intergenic,i721104,Build 37,6500113,A or C,C
intergenic,i721105,Build 37,6500342,A or T,A
intergenic,i721106,Build 37,6500394,C or T,T
intergenic,rs150864123,Build 37,6502778,A or G,G
intergenic,rs12861136,Build 37,6513884,A or G,A
intergenic,rs4553110,Build 37,6516735,A or G,A
intergenic,rs4425925,Build 37,6518873,C or T,C
intergenic,rs67616252,Build 37,6519210,A or C,A
intergenic,i721110,Build 37,6520020,A or T,A
intergenic,rs138525743,Build 37,6524077,A or G,A
intergenic,rs73188613,Build 37,6524253,C or T,C
intergenic,i721112,Build 37,6524883,A or G,G
intergenic,i721114,Build 37,6530337,C or T,T
intergenic,rs73188619,Build 37,6530935,C or G,C
intergenic,rs5989493,Build 37,6532072,A or G,A
intergenic,rs5989547,Build 37,6534849,G or T,G
intergenic,rs56345712,Build 37,6537572,C or T,T
intergenic,rs60353575,Build 37,6572315,A or G,G
intergenic,rs56761965,Build 37,6577203,A or C,C
intergenic,rs5989526,Build 37,6586217,C or G,G
intergenic,rs73450978,Build 37,6611635,C or T,T
intergenic,rs5989542,Build 37,6613630,A or C,not determined
intergenic,i721121,Build 37,6620672,C or T,C
intergenic,i721122,Build 37,6623788,A or C,A
intergenic,i706240,Build 37,1726773,C or T,C / C
intergenic,i706479,Build 37,2650701,A or G,G
SRY,rs11575897,Build 37,2655180,A or G,G
intergenic,rs750342498,Build 37,2656127,C or G,G
intergenic,rs757619452,Build 37,2656276,A or G,G
intergenic,rs2534636,Build 37,2657176,C or T,C
intergenic,rs569336697,Build 37,2657349,C or T,T
RNASEH2CP1,i3000043,Build 37,2658271,A or G,G
RNASEH2CP1,i704870,Build 37,2658285,C or T,C
intergenic,i3000045,Build 37,2658869,A or G,G
intergenic,i702341,Build 37,2659241,A or G,G
intergenic,i705728,Build 37,2659661,A or G,G
intergenic,rs35840667,Build 37,2661306,G or T,T
intergenic,rs2253109,Build 37,2661694,A or G,G
intergenic,i704336,Build 37,2661836,C or T,C
intergenic,rs35067692,Build 37,2663685,G or T,T
intergenic,i705254,Build 37,2665967,G or T,G
intergenic,rs763178036,Build 37,2667783,C or T,C
intergenic,rs759582844,Build 37,2668224,A or G,A
intergenic,rs2058276,Build 37,2668456,C or T,C
intergenic,rs746714434,Build 37,2669716,C or T,C
intergenic,rs766244449,Build 37,2671852,C or T,C
intergenic,rs13303871,Build 37,2679100,A or G,not determined
intergenic,rs767313157,Build 37,2681272,C or T,C
intergenic,i701118,Build 37,2682399,G or T,G
intergenic,i700825,Build 37,2688254,G or T,T
intergenic,rs756720328,Build 37,2692201,C or T,T
intergenic,i706146,Build 37,2692601,A or G,G
intergenic,rs776391000,Build 37,2696497,C or G,C
intergenic,rs747730726,Build 37,2697625,A or G,G
intergenic,i700978,Build 37,2700269,A or G,A
intergenic,i701493,Build 37,2700819,C or T,C
intergenic,rs28813670,Build 37,2703038,G or T,G
intergenic,rs11799203,Build 37,2705854,A or G,G
intergenic,rs558814756,Build 37,2708952,A or C,A
intergenic,i708242,Build 37,2709555,A or C,A
RPS4Y1,i701535,Build 37,2710015,A or G,G
RPS4Y1,rs72625368,Build 37,2710154,A or G,G
RPS4Y1,rs34402762,Build 37,2710309,G or T,T
RPS4Y1,i703650,Build 37,2714113,A or G,A
RPS4Y1,rs770051561,Build 37,2714659,A or G,G
RPS4Y1,rs753080305,Build 37,2717376,C or T,C
RPS4Y1,i704735,Build 37,2719706,A or T,T
RPS4Y1,i704743,Build 37,2720284,C or T,C
RPS4Y1,rs2075640,Build 37,2722506,A or G,A
RPS4Y1,i712973,Build 37,2722814,C or T,T
RPS4Y1,rs768657715,Build 37,2723295,A or C,A
RPS4Y1,rs576200590,Build 37,2724189,A or T,T
RPS4Y1,rs113021349,Build 37,2724506,G or T,T
RPS4Y1,rs199881488,Build 37,2726402,G or T,T
RPS4Y1,rs532668665,Build 37,2727311,A or T,T
RPS4Y1,rs7067518,Build 37,2727858,G or T,G
RPS4Y1,rs112519343,Build 37,2728042,A or G,A
RPS4Y1,rs2299942,Build 37,2731887,C or T,C
RPS4Y1,rs756246118,Build 37,2733783,A or T,T
RPS4Y1,i706363,Build 37,2734466,C or G,C
RPS4Y1,rs35284970,Build 37,2734854,C or T,C
intergenic,i704029,Build 37,2737185,A or G,A
intergenic,i701417,Build 37,2737358,A or G,G
intergenic,i704442,Build 37,2737462,C or T,C
intergenic,i706155,Build 37,2738075,C or T,C
intergenic,rs747740628,Build 37,2738084,A or G,G
intergenic,rs9786209,Build 37,2739468,C or T,C
intergenic,rs9786748,Build 37,2743754,C or T,C
intergenic,rs113594118,Build 37,2744386,G or T,T
intergenic,rs13303891,Build 37,2749045,A or C,A
HSFY3P,rs551475553,Build 37,2749995,G or T,T
HSFY3P,i4000121,Build 37,2750408,A or G,A
HSFY3P,rs753693701,Build 37,2750950,A or G,G
HSFY3P,i4000123,Build 37,2751678,A or G,A
intergenic,rs763620957,Build 37,2757033,A or T,A
intergenic,rs113000193,Build 37,2757670,C or T,not determined
intergenic,rs569006329,Build 37,2759285,C or G,C
intergenic,i704550,Build 37,2762794,A or C,A
intergenic,rs748061447,Build 37,2763056,C or T,T
intergenic,i706445,Build 37,2765038,G or T,T
intergenic,rs750775179,Build 37,2771528,C or T,not determined
intergenic,rs755102273,Build 37,2772101,C or T,T
intergenic,i703829,Build 37,2777695,C or G,G
intergenic,i701810,Build 37,2779139,C or G,C
intergenic,rs746448164,Build 37,2788626,C or T,T
intergenic,i702134,Build 37,2792795,C or T,T
intergenic,rs745765028,Build 37,2794149,C or T,not determined
intergenic,rs764794073,Build 37,2794557,A or G,A
intergenic,i703210,Build 37,2797205,A or G,not determined
intergenic,i701315,Build 37,2798927,C or T,not determined
intergenic,rs778618572,Build 37,2800495,C or T,T
intergenic,i706631,Build 37,2800714,C or T,not determined
intergenic,rs754031235,Build 37,2800805,A or C,C
ZFY,rs1270119,Build 37,2803717,C or T,T
ZFY,rs766572303,Build 37,2805744,A or G,G
ZFY,i706251,Build 37,2805834,C or T,C
ZFY,rs756150171,Build 37,2806457,A or G,A
ZFY,rs575195945,Build 37,2806920,C or G,C
ZFY,rs771510282,Build 37,2807482,C or T,C
ZFY,i704500,Build 37,2807605,A or G,A
ZFY,rs1270120,Build 37,2809424,A or T,A
ZFY,rs13304723,Build 37,2810628,C or T,C
ZFY,i706809,Build 37,2815084,C or T,T
ZFY,rs17276393,Build 37,2815303,C or G,C
RBMY2OP,i705608,Build 37,9790893,A or G,G
RBMY2OP,rs34441307,Build 37,9791250,A or G,G
intergenic,rs11799282,Build 37,9807098,A or C,A
intergenic,rs7067387,Build 37,9810794,C or T,T
intergenic,rs13305530,Build 37,9819120,G or T,T
intergenic,rs13305816,Build 37,9819205,A or G,A
intergenic,rs13304073,Build 37,9819254,G or T,G
intergenic,i702356,Build 37,9832219,C or G,G
intergenic,i704808,Build 37,9835982,A or T,T
intergenic,i702231,Build 37,9850683,A or G,A
intergenic,rs9786489,Build 37,9851457,G or T,G
intergenic,rs17306537,Build 37,9853969,C or T,C
RBMY2QP,i701557,Build 37,9868226,A or G,G
RBMY2QP,rs754989425,Build 37,9869635,A or G,A
intergenic,rs138322855,Build 37,9878915,C or T,C
intergenic,i701634,Build 37,9878916,A or C,C
intergenic,rs369778229,Build 37,9879005,C or T,C
intergenic,rs9785791,Build 37,9882301,G or T,T
intergenic,i701111,Build 37,9890841,C or T,T
intergenic,i702490,Build 37,9896636,C or T,C
TSPY5P,i701335,Build 37,9905588,G or T,T
intergenic,i708310,Build 37,9918039,A or T,A
intergenic,i708084,Build 37,9919472,A or T,A
intergenic,rs1824035,Build 37,9951577,C or T,not determined
intergenic,i703677,Build 37,9962871,C or T,T
intergenic,rs13305207,Build 37,9968357,G or T,T
intergenic,i708284,Build 37,9975597,C or T,C
intergenic,i704863,Build 37,9985022,C or G,G
intergenic,rs9786898,Build 37,10019072,G or T,G
intergenic,i708318,Build 37,10019415,C or T,T
intergenic,i708085,Build 37,10019975,G or T,not determined
intergenic,i708087,Build 37,10020633,G or T,T
intergenic,i708089,Build 37,10020636,A or G,not determined
intergenic,i708094,Build 37,10020674,A or G,not determined
intergenic,i708111,Build 37,10020712,C or G,not determined
intergenic,i708139,Build 37,10021655,C or T,T
intergenic,i708154,Build 37,10022171,A or C,C
intergenic,i708155,Build 37,10023057,A or G,A
intergenic,i708158,Build 37,10023600,C or T,T
intergenic,i708166,Build 37,10023918,G or T,T
intergenic,i708173,Build 37,10024106,C or T,T
intergenic,i708183,Build 37,10024630,G or T,not determined
intergenic,i708189,Build 37,10025277,C or T,C
intergenic,i708192,Build 37,10026697,G or T,T
intergenic,i708193,Build 37,10026708,A or G,not determined
intergenic,i708194,Build 37,10026964,A or G,A
intergenic,i708196,Build 37,10026981,C or T,not determined
CDC27P2,i708198,Build 37,10028213,C or T,C
CDC27P2,i708199,Build 37,10028789,A or G,A
CDC27P2,i708201,Build 37,10028838,C or T,T
CDC27P2,i708204,Build 37,10029287,C or T,not determined
CDC27P2,i708208,Build 37,10029690,C or T,T
intergenic,i708217,Build 37,10031793,C or G,C
intergenic,i708222,Build 37,10031963,A or C,not determined
intergenic,i708224,Build 37,10032021,C or T,not determined
intergenic,i703788,Build 37,10037432,C or T,C
intergenic,i708239,Build 37,10047913,G or T,T
intergenic,rs9786711,Build 37,10091653,A or G,G
intergenic,i708254,Build 37,13133499,A or C,C
intergenic,i708301,Build 37,13194111,A or C,A
intergenic,i708302,Build 37,13194884,C or T,not determined
intergenic,i701440,Build 37,13211925,C or T,C
intergenic,i705616,Build 37,13219524,C or G,G
intergenic,rs4335821,Build 37,13281348,A or G,A
intergenic,rs76917665,Build 37,13323548,A or G,not determined
intergenic,i708305,Build 37,13447620,A or G,not determined
intergenic,i708308,Build 37,13449697,A or T,not determined
intergenic,i708312,Build 37,13452330,A or C,C
intergenic,i708315,Build 37,13453985,A or G,not determined
intergenic,i708317,Build 37,13454588,A or G,A
intergenic,i708086,Build 37,13458647,A or G,A
intergenic,i708088,Build 37,13459165,A or C,C
intergenic,i708092,Build 37,13460876,A or G,G
intergenic,i708093,Build 37,13460916,A or T,A
intergenic,i708095,Build 37,13461090,C or G,C
intergenic,i708096,Build 37,13461151,G or T,G
intergenic,i708099,Build 37,13461333,C or T,T
intergenic,i708101,Build 37,13464661,C or G,G
intergenic,i708102,Build 37,13464775,C or T,not determined
intergenic,i708103,Build 37,13464951,A or G,not determined
intergenic,i708104,Build 37,13465197,A or T,T
intergenic,i708105,Build 37,13465234,A or C,A
intergenic,i708106,Build 37,13465610,C or G,C
intergenic,i708109,Build 37,13466025,A or T,not determined
intergenic,i708113,Build 37,13467328,A or C,not determined
intergenic,i708115,Build 37,13467431,A or G,not determined
intergenic,i708116,Build 37,13467602,G or T,not determined
intergenic,i708121,Build 37,13468082,G or T,not determined
intergenic,i708122,Build 37,13468141,A or T,T
intergenic,i708125,Build 37,13468919,A or G,A
intergenic,i708126,Build 37,13473501,A or C,C
intergenic,i708127,Build 37,13476461,G or T,not determined
DUX4L18,i702141,Build 37,13478442,C or T,not determined
intergenic,i708128,Build 37,13479208,G or T,T
intergenic,i708132,Build 37,13481779,A or C,not determined
intergenic,i708134,Build 37,13482172,C or T,not determined
intergenic,i708136,Build 37,13482543,A or T,not determined
intergenic,i708143,Build 37,13485433,A or C,A
intergenic,i708147,Build 37,13486243,C or T,not determined
intergenic,i708148,Build 37,13486257,C or G,G
intergenic,i703360,Build 37,10,C or T,T
intergenic,i4000553,Build 37,26,C or T,C
intergenic,i4001190,Build 37,41,C or T,C
intergenic,i702409,Build 37,47,A or G,G
intergenic,i3002101,Build 37,55,C or T,T
intergenic,i3002191,Build 37,57,C or T,T
intergenic,i3000534,Build 37,58,C or T,T
intergenic,i3000804,Build 37,61,C or T,C
intergenic,i701942,Build 37,62,A or G,G
intergenic,i3001085,Build 37,63,C or T,T
intergenic,i3001266,Build 37,64,C or T,C
intergenic,i701971,Build 37,65,T or TT,T
intergenic,i701365,Build 37,66,A or G,not determined
intergenic,i704499,Build 37,72,C or T,T
intergenic,rs3087742,Build 37,73,A or G,G
intergenic,i3001616,Build 37,89,C or T,T
intergenic,i3001633,Build 37,92,A or G,G
intergenic,i6000007,Build 37,93,A or G,A
intergenic,i3001653,Build 37,94,A or G,G
intergenic,i703931,Build 37,95,A or C,A
intergenic,i705218,Build 37,103,A or G,not determined
intergenic,i3001726,Build 37,114,C or T,C
intergenic,i706874,Build 37,125,C or T,T
intergenic,i4001167,Build 37,127,C or T,T
intergenic,i3001807,Build 37,128,C or T,C
intergenic,i3001817,Build 37,131,C or T,T
intergenic,i3001869,Build 37,146,C or T,T
intergenic,i705637,Build 37,154,C or T,T
intergenic,i3001942,Build 37,159,C or T,T
intergenic,i703034,Build 37,182,C or T,C
intergenic,i3001963,Build 37,184,A or G,G
intergenic,i705971,Build 37,191,A or AA,A
intergenic,i3002051,Build 37,193,A or G,A
intergenic,i3002091,Build 37,197,A or G,A
intergenic,i3002111,Build 37,199,C or T,C
intergenic,i3002139,Build 37,203,A or G,G
intergenic,i703393,Build 37,207,A or G,G
intergenic,i3002227,Build 37,215,A or G,A
intergenic,rs41531144,Build 37,217,C or T,T
intergenic,i3002253,Build 37,222,C or T,C
intergenic,i3002267,Build 37,225,A or G,G
intergenic,i3000535,Build 37,226,C or T,T
intergenic,i3000546,Build 37,227,A or G,A
intergenic,i3001447,Build 37,228,A or G,G
intergenic,i3000561,Build 37,234,A or G,A
intergenic,i4001195,Build 37,235,A or G,A
intergenic,i3000578,Build 37,236,C or T,T
intergenic,i3000585,Build 37,237,A or G,A
intergenic,i701239,Build 37,239,C or T,T
intergenic,i703239,Build 37,240,A or G,A
intergenic,i3000603,Build 37,241,A or G,A
intergenic,i3000612,Build 37,242,C or T,C
intergenic,rs41400048,Build 37,250,C or T,T
intergenic,i3000692,Build 37,252,C or T,T
intergenic,i701873,Build 37,261,C or T,C
intergenic,rs2853515,Build 37,263,A or G,A
intergenic,i701555,Build 37,265,C or T,T
intergenic,i4001261,Build 37,271,C or T,not determined
intergenic,i4001324,Build 37,279,C or T,T
intergenic,i4001141,Build 37,280,C or T,C
intergenic,i4001140,Build 37,282,C or T,T
intergenic,i4001144,Build 37,285,C or T,C
intergenic,i701452,Build 37,293,C or T,T
intergenic,i4001146,Build 37,294,C or T,T
intergenic,rs41528348,Build 37,295,C or T,C
intergenic,i702491,Build 37,299,— or C,C
intergenic,i702716,Build 37,321,C or T,T
intergenic,i700958,Build 37,324,C or T,C
intergenic,i4000894,Build 37,325,C or T,C
intergenic,i4000958,Build 37,326,A or G,not determined
intergenic,i4000959,Build 37,327,C or T,not determined
intergenic,i4000957,Build 37,329,A or G,G
intergenic,i701070,Build 37,335,A or G,A
intergenic,i4000823,Build 37,338,C or T,C
intergenic,i4000518,Build 37,340,C or T,C
intergenic,i3001159,Build 37,373,A or G,A
intergenic,i3001169,Build 37,374,A or G,A
intergenic,i3001181,Build 37,375,C or T,C
intergenic,i3001203,Build 37,385,A or G,A
intergenic,i705858,Build 37,390,A or T,A
intergenic,i4001022,Build 37,398,C or T,T
intergenic,i700798,Build 37,408,A or T,T
intergenic,i6000013,Build 37,418,C or T,C
intergenic,i704482,Build 37,430,C or T,not determined
intergenic,i3001275,Build 37,431,C or T,not determined
intergenic,i703234,Build 37,437,C or T,C
intergenic,i3001295,Build 37,444,A or G,A
intergenic,i700852,Build 37,447,C or G,C
intergenic,rs41356551,Build 37,456,C or T,C
intergenic,i701138,Build 37,458,C or T,C
intergenic,i700980,Build 37,459,C or CC,C
intergenic,i3001329,Build 37,461,C or T,C
intergenic,i3001451,Build 37,462,C or T,C
intergenic,i703319,Build 37,463,C or T,not determined
intergenic,i4001179,Build 37,464,A or G,not determined
intergenic,i4001239,Build 37,466,C or T,T
intergenic,i702541,Build 37,467,C or T,not determined
intergenic,i706110,Build 37,469,C or G,C
intergenic,i702756,Build 37,471,C or T,C
intergenic,rs41442247,Build 37,477,C or T,not determined
MT-CO2,i3000675,Build 37,7978,C or T,C
MT-CO2,i4000683,Build 37,7999,C or T,T
MT-CO2,i703879,Build 37,8002,C or T,C
MT-CO2,i706839,Build 37,8005,C or T,T
MT-CO2,i702345,Build 37,8014,A or T,A
MT-CO2,i3000676,Build 37,8020,A or G,G
MT-CO2,i703326,Build 37,8026,A or T,not determined
MT-CO2,rs1116904,Build 37,8027,A or G,A
MT-CO2,i704280,Build 37,8047,C or T,T
MT-CO2,i5050316,Build 37,8056,A or G,A
MT-CO2,i3000677,Build 37,8071,A or G,A
MT-CO2,i701540,Build 37,8084,A or G,A
MT-CO2,i3000682,Build 37,8104,C or T,T
MT-CO2,i3000683,Build 37,8108,A or G,A
MT-CO2,i703364,Build 37,8116,A or G,A
MT-CO2,i6000544,Build 37,8119,C or T,T
MT-CO2,i4000539,Build 37,8140,C or T,not determined
MT-CO2,i3000687,Build 37,8149,A or G,A
MT-CO2,i3000688,Build 37,8152,A or G,G
MT-CO2,i3000689,Build 37,8155,A or G,G
MT-CO2,i4000752,Build 37,8158,A or G,A
MT-CO2,i4001368,Build 37,8164,C or T,C
MT-CO2,i706003,Build 37,8179,A or G,A
MT-CO2,rs28651339,Build 37,8188,A or G,A
MT-CO2,i5049665,Build 37,8191,A or G,A
MT-CO2,i3000693,Build 37,8200,C or T,T
MT-CO2,rs28358883,Build 37,8206,A or G,G
MT-CO2,i4001369,Build 37,8222,C or T,T
MT-CO2,i3000695,Build 37,8245,A or G,A
MT-CO2,rs3021089,Build 37,8251,A or G,G
MT-CO2,i3000699,Build 37,8260,C or T,T
MT-CO2,i3000701,Build 37,8264,C or T,C
intergenic,i4000887,Build 37,8271,A or T,A
intergenic,i3001490,Build 37,8277,C or T,T
intergenic,i700821,Build 37,8286,— or TCTACCCCC,—
intergenic,i706203,Build 37,8291,A or G,A
intergenic,i701140,Build 37,8292,A or G,G
MT-TK,i3000706,Build 37,8296,A or G,not determined
MT-TK,i3000707,Build 37,8308,A or G,not determined
MT-TK,i703266,Build 37,8311,C or T,not determined
MT-TK,rs118192103,Build 37,8342,A or G,G
MT-TK,i3000710,Build 37,8343,A or G,A
MT-TK,i702222,Build 37,8344,A or G,A
MT-TK,i705167,Build 37,8345,C or T,not determined
MT-TK,i3000711,Build 37,8348,A or G,A
MT-TK,rs118192099,Build 37,8356,C or T,T
MT-TK,i704245,Build 37,8360,A or G,A
MT-TK,rs118192100,Build 37,8363,A or G,G
MT-ATP8,i3000713,Build 37,8379,A or G,A
MT-ATP8,i704081,Build 37,8386,C or T,C
MT-ATP8,i3000714,Build 37,8387,A or G,G
MT-ATP8,i4000928,Build 37,8388,C or T,T
MT-ATP8,i4000939,Build 37,8389,A or G,A
MT-ATP8,i3000715,Build 37,8392,A or G,G
MT-ATP8,i3000716,Build 37,8393,C or T,not determined
MT-ATP8,i4001090,Build 37,8395,C or T,C
MT-ATP8,i4001315,Build 37,8396,A or G,A
MT-ATP8,i701701,Build 37,8400,C or T,T
MT-ATP8,i4001316,Build 37,8404,C or T,T
MT-ATP8,i704624,Build 37,8405,A or G,not determined
MT-ATP8,i3000717,Build 37,8406,C or T,not determined
MT-ATP8,i702782,Build 37,8407,A or C,C
MT-ATP8,i3000718,Build 37,8410,C or T,C
MT-ATP8,i3000721,Build 37,8414,C or T,C
MT-ATP8,i4001116,Build 37,8419,C or T,T
MT-ATP8,rs1116905,Build 37,8428,C or T,C
MT-ATP8,i706677,Build 37,8433,C or T,not determined
MT-ATP8,i3000727,Build 37,8440,A or G,A
MT-ATP8,i3000728,Build 37,8448,C or T,T
MT-ATP8,i3000729,Build 37,8450,C or T,T
MT-ATP8,i4001181,Build 37,8453,A or G,A
MT-ATP8,i6000570,Build 37,8455,C or T,C
MT-ATP8,i4001182,Build 37,8459,A or G,A
MT-ATP8,rs1116906,Build 37,8460,A or G,A
MT-ATP8,i706583,Build 37,8467,C or T,C
MT-ATP8,i3000730,Build 37,8468,C or T,C
MT-ATP8,i3000732,Build 37,8472,C or T,C
MT-ATP8,i3000733,Build 37,8473,C or T,T
MT-ATP8,i6000577,Build 37,8478,C or T,C
MT-ATP8,i4000994,Build 37,8485,A or G,not determined
MT-ATP8,i4000989,Build 37,8502,A or G,A
MT-ATP8,i4000992,Build 37,8503,C or T,T
MT-ATP8,i4000991,Build 37,8508,A or G,A
MT-ATP8,i705993,Build 37,8509,C or T,C
MT-ATP8,i3000735,Build 37,8512,A or G,A
MT-ATP8,i4000993,Build 37,8519,A or G,G
MT-ATP8,i4000995,Build 37,8521,A or G,A
MT-ATP8,i3000736,Build 37,8522,C or T,C
"MT-ATP8 , MT-ATP6",i3000737,Build 37,8527,A or G,A
"MT-ATP8 , MT-ATP6",i5002916,Build 37,8530,A or G,A
"MT-ATP8 , MT-ATP6",i704787,Build 37,8541,A or G,G
"MT-ATP8 , MT-ATP6",i3000742,Build 37,8557,A or G,G
"MT-ATP8 , MT-ATP6",i703110,Build 37,8562,C or T,not determined
"MT-ATP8 , MT-ATP6",i3000743,Build 37,8563,A or G,A
"MT-ATP8 , MT-ATP6",rs3020563,Build 37,8566,A or G,A
"MT-ATP8 , MT-ATP6",i3000744,Build 37,8567,C or T,T
"MT-ATP8 , MT-ATP6",i703506,Build 37,8572,A or G,G
MT-ATP6,i702407,Build 37,8573,A or G,G
